--
-- PostgreSQL database dump
--

-- Dumped from database version 17.3
-- Dumped by pg_dump version 17.3

-- Started on 2025-08-11 16:46:04

SET statement_timeout = 0;
SET lock_timeout = 0;
SET idle_in_transaction_session_timeout = 0;
SET transaction_timeout = 0;
SET client_encoding = 'WIN1250';
SET standard_conforming_strings = on;
SELECT pg_catalog.set_config('search_path', '', false);
SET check_function_bodies = false;
SET xmloption = content;
SET client_min_messages = warning;
SET row_security = off;

--
-- TOC entry 4955 (class 0 OID 16385)
-- Dependencies: 217
-- Data for Name: cars; Type: TABLE DATA; Schema: public; Owner: postgres
--

INSERT INTO public.cars VALUES (1, 'BMW', '653Z', 'red', 1994, '18-FIR-87');
INSERT INTO public.cars VALUES (2, 'BMW', '741F', 'black', 2005, '46-QHD-96');
INSERT INTO public.cars VALUES (3, 'Land Rover', '332E', 'orange', 2009, '76-PFC-22');
INSERT INTO public.cars VALUES (4, 'Land Rover', '653Z', 'pink', 2000, '25-PKR-73');
INSERT INTO public.cars VALUES (5, 'Citroen', '122A', 'grey', 1997, '10-GHJ-48');
INSERT INTO public.cars VALUES (6, 'Citroen', '612G', 'yellow', 2009, '93-RKD-55');
INSERT INTO public.cars VALUES (7, 'Renault', '101', 'orange', 1992, '94-DNH-41');
INSERT INTO public.cars VALUES (8, 'Daymler', '741F', 'red', 1999, '35-NCO-33');
INSERT INTO public.cars VALUES (9, 'Land Rover', '224C', 'dark blue', 1999, '22-KOR-63');
INSERT INTO public.cars VALUES (10, 'Land Rover', '321E', 'red', 2007, '42-KOD-73');
INSERT INTO public.cars VALUES (11, 'Fiat', '332E', 'white', 1993, '39-KAE-82');
INSERT INTO public.cars VALUES (12, 'Chrisler', '111A', 'grey', 2001, '47-IHJ-13');
INSERT INTO public.cars VALUES (13, 'Daymler', '653Z', 'grey', 2003, '81-BRJ-95');
INSERT INTO public.cars VALUES (14, 'Land Rover', '224C', 'white', 2013, '35-KSB-23');
INSERT INTO public.cars VALUES (15, 'Citroen', '224C', 'white', 1993, '76-IPQ-36');
INSERT INTO public.cars VALUES (16, 'Daymler', '111A', 'dark grey', 2013, '68-GFS-14');
INSERT INTO public.cars VALUES (17, 'Mercedes', '332E', 'dark blue', 2015, '70-QAF-69');
INSERT INTO public.cars VALUES (18, 'Volkswagen', '202A', 'blue', 2002, '94-DNC-78');
INSERT INTO public.cars VALUES (19, 'BMW', '224C', 'pink', 1990, '29-JOQ-81');
INSERT INTO public.cars VALUES (20, 'Volkswagen', '111A', 'orange', 2009, '87-HID-23');


--
-- TOC entry 4956 (class 0 OID 16390)
-- Dependencies: 218
-- Data for Name: cities; Type: TABLE DATA; Schema: public; Owner: postgres
--

INSERT INTO public.cities VALUES (1, 'Paris', 'IDF', 'France');
INSERT INTO public.cities VALUES (2, 'Versailles', 'Yvelines', 'France');
INSERT INTO public.cities VALUES (3, 'Tours', 'Indre-et-Loire', 'France');
INSERT INTO public.cities VALUES (4, 'Orleans', 'Loiret', 'France');
INSERT INTO public.cities VALUES (5, 'Lyon', 'Rhone', 'France');
INSERT INTO public.cities VALUES (6, 'Bruxelles', 'NA', 'Belgique');
INSERT INTO public.cities VALUES (7, 'Marseille', 'Bouches-du-Rhone', 'France');


--
-- TOC entry 4957 (class 0 OID 16395)
-- Dependencies: 219
-- Data for Name: luggage_types; Type: TABLE DATA; Schema: public; Owner: postgres
--

INSERT INTO public.luggage_types VALUES (1, 'petit');
INSERT INTO public.luggage_types VALUES (2, 'moyen');
INSERT INTO public.luggage_types VALUES (3, 'gros');


--
-- TOC entry 4959 (class 0 OID 16405)
-- Dependencies: 221
-- Data for Name: member_car; Type: TABLE DATA; Schema: public; Owner: postgres
--

INSERT INTO public.member_car VALUES (1, 'mem-4764322', 1);
INSERT INTO public.member_car VALUES (2, 'mem-2221918', 2);
INSERT INTO public.member_car VALUES (3, 'mem-9185626', 2);
INSERT INTO public.member_car VALUES (4, 'mem-9238906', 3);
INSERT INTO public.member_car VALUES (5, 'mem-4230876', 4);
INSERT INTO public.member_car VALUES (6, 'mem-4114012', 4);
INSERT INTO public.member_car VALUES (7, 'mem-7758431', 4);
INSERT INTO public.member_car VALUES (8, 'mem-9715334', 5);
INSERT INTO public.member_car VALUES (9, 'mem-3122499', 6);
INSERT INTO public.member_car VALUES (10, 'mem-2426507', 6);
INSERT INTO public.member_car VALUES (11, 'mem-3580873', 7);
INSERT INTO public.member_car VALUES (12, 'mem-2027330', 8);
INSERT INTO public.member_car VALUES (13, 'mem-4344480', 8);
INSERT INTO public.member_car VALUES (14, 'mem-1988561', 9);
INSERT INTO public.member_car VALUES (15, 'mem-4097319', 10);
INSERT INTO public.member_car VALUES (16, 'mem-5674753', 11);
INSERT INTO public.member_car VALUES (17, 'mem-4796329', 12);
INSERT INTO public.member_car VALUES (18, 'mem-1353047', 13);
INSERT INTO public.member_car VALUES (19, 'mem-7833095', 14);
INSERT INTO public.member_car VALUES (20, 'mem-7442928', 15);
INSERT INTO public.member_car VALUES (21, 'mem-3565334', 16);
INSERT INTO public.member_car VALUES (22, 'mem-2311238', 17);
INSERT INTO public.member_car VALUES (23, 'mem-1391067', 18);
INSERT INTO public.member_car VALUES (24, 'mem-1462013', 19);
INSERT INTO public.member_car VALUES (25, 'mem-1243151', 19);
INSERT INTO public.member_car VALUES (26, 'mem-7251531', 20);
INSERT INTO public.member_car VALUES (27, 'mem-4344480', 2);
INSERT INTO public.member_car VALUES (28, 'mem-7251531', 19);


--
-- TOC entry 4958 (class 0 OID 16400)
-- Dependencies: 220
-- Data for Name: members; Type: TABLE DATA; Schema: public; Owner: postgres
--

INSERT INTO public.members VALUES ('mem-8902951', 'Jaleesa', 'Dirks', 'F', '+33 632 665748', 'Jaleesa-Dirks86@outlook.com', '2019-01-02', '1968-03-03', 0, NULL, NULL, 'yes', 'yes', 'DE78779128651878995');
INSERT INTO public.members VALUES ('mem-7170618', 'Yolanda', 'Wertman', 'F', '+33 632 284063', 'Yolanda-Wertman74@gmail.com', '2017-06-30', '1974-09-22', 0, NULL, NULL, 'yes', 'no', 'FR42381867691746108');
INSERT INTO public.members VALUES ('mem-4764322', 'Kiersten', 'Iraheta', 'M', '+33 632 659890', 'Kiersten.Iraheta56@hotmail.com', '2019-08-24', '1992-04-29', 1, 'lic-425/541701427', '2010-04-12', 'no', 'no', 'LU46309087264834802');
INSERT INTO public.members VALUES ('mem-4205665', 'Clorinda', 'Hutcheson', 'M', '+33 632 574108', 'Clorinda.Hutcheson31@hotmail.com', '2018-06-23', '1996-01-07', 0, NULL, NULL, 'no', 'yes', 'DE52605181624289466');
INSERT INTO public.members VALUES ('mem-8297494', 'Mao', 'Hutcheson', 'F', '+33 632 735072', 'Mao-Hutcheson51@hotmail.com', '2019-10-18', '1999-11-30', 0, NULL, NULL, 'yes', 'yes', 'LU73123166599596727');
INSERT INTO public.members VALUES ('mem-2221918', 'Kiersten', 'Dirks', 'M', '+33 632 775903', 'Kiersten.Dirks10@HEC.com', '2019-03-23', '1986-03-21', 1, 'lic-846/177599663', '2007-09-10', 'yes', 'no', 'FR81455734959203336');
INSERT INTO public.members VALUES ('mem-5055691', 'Shyla', 'Iraheta', 'F', '+33 632 269712', 'Shyla.Iraheta74@mail.com', '2018-02-12', '1987-09-18', 0, NULL, NULL, 'yes', 'no', 'UK47922985747168887');
INSERT INTO public.members VALUES ('mem-7295951', 'Kiersten', 'Pointer', 'M', '+33 632 578083', 'Kiersten_Pointer82@mail.com', '2017-09-03', '1980-06-21', 0, NULL, NULL, 'yes', 'yes', 'LU41900047155643480');
INSERT INTO public.members VALUES ('mem-9767683', 'Mammie', 'Mcenaney', 'F', '+33 632 426009', 'Mammie.Mcenaney74@gmail.com', '2018-11-17', '1993-09-16', 0, NULL, NULL, 'no', 'no', 'UK59502819853252333');
INSERT INTO public.members VALUES ('mem-9185626', 'Lynetta', 'Pacifico', 'F', '+33 632 959954', 'Lynetta-Pacifico72@mail.com', '2017-05-14', '1972-02-11', 1, 'lic-589/568855670', '1994-07-26', 'yes', 'no', 'UK14369898624865558');
INSERT INTO public.members VALUES ('mem-8460693', 'Zelma', 'Callejas', 'F', '+33 632 235423', 'Zelma.Callejas94@gmail.com', '2018-05-06', '1993-11-21', 0, NULL, NULL, 'no', 'yes', 'LU95490723834758566');
INSERT INTO public.members VALUES ('mem-5670820', 'Keeley', 'Watlington', 'F', '+33 632 415306', 'Keeley_Watlington25@mail.com', '2019-10-31', '1993-08-23', 0, NULL, NULL, 'yes', 'no', 'DE52452476411139360');
INSERT INTO public.members VALUES ('mem-2525276', 'Kimberley', 'Bianchi', 'M', '+33 632 741014', 'Kimberley.Bianchi88@yahoo.com', '2018-05-07', '1987-08-21', 0, NULL, NULL, 'no', 'yes', 'LU61150158388562650');
INSERT INTO public.members VALUES ('mem-9238906', 'Jaleesa', 'Mcenaney', 'M', '+33 632 379082', 'Jaleesa.Mcenaney39@hotmail.com', '2018-04-19', '1985-06-23', 1, 'lic-348/298904342', '2008-11-19', 'yes', 'no', 'LU35706539143953580');
INSERT INTO public.members VALUES ('mem-4230876', 'Clorinda', 'Bearden', 'F', '+33 632 805000', 'Clorinda-Bearden32@hotmail.com', '2017-06-13', '1998-02-17', 1, 'lic-617/158841037', '2017-05-29', 'yes', 'no', 'UK63162592375991796');
INSERT INTO public.members VALUES ('mem-4114012', 'Mao', 'Callejas', 'F', '+33 632 404782', 'Mao-Callejas11@hotmail.com', '2019-08-18', '1984-02-26', 1, 'lic-453/174638705', '2002-10-25', 'yes', 'yes', 'FR92147172953765857');
INSERT INTO public.members VALUES ('mem-1451150', 'Jaleesa', 'Iraheta', 'M', '+33 632 318514', 'Jaleesa_Iraheta95@HEC.com', '2018-09-03', '2000-06-23', 0, NULL, NULL, 'no', 'no', 'DE78416963062737191');
INSERT INTO public.members VALUES ('mem-5992513', 'Chang', 'Wertman', 'F', '+33 632 613576', 'Chang_Wertman94@gmail.com', '2017-11-13', '1995-07-27', 0, NULL, NULL, 'yes', 'no', 'FR48429363078750307');
INSERT INTO public.members VALUES ('mem-2257987', 'Marcy', 'Botsford', 'F', '+33 632 730127', 'Marcy_Botsford88@outlook.com', '2019-05-10', '1987-04-01', 0, NULL, NULL, 'no', 'no', 'LU33602812016018857');
INSERT INTO public.members VALUES ('mem-4267474', 'Yolanda', 'Shelley', 'F', '+33 632 958971', 'Yolanda-Shelley30@gmail.com', '2017-09-09', '1992-08-05', 0, NULL, NULL, 'yes', 'no', 'LU18464494802895302');
INSERT INTO public.members VALUES ('mem-1688422', 'Jaleesa', 'Watlington', 'F', '+33 632 368292', 'Jaleesa-Watlington17@outlook.com', '2018-08-01', '1993-08-05', 0, NULL, NULL, 'yes', 'yes', 'FR79994325033427268');
INSERT INTO public.members VALUES ('mem-1570790', 'Clorinda', 'Bearden', 'M', '+33 632 295288', 'Clorinda-Bearden67@HEC.com', '2018-04-26', '1985-05-15', 0, NULL, NULL, 'yes', 'yes', 'FR62352657732193907');
INSERT INTO public.members VALUES ('mem-7382076', 'Chang', 'Guglielmo', 'M', '+33 632 493163', 'Chang.Guglielmo43@hotmail.com', '2017-10-12', '1965-10-28', 0, NULL, NULL, 'no', 'yes', 'UK22368443216276655');
INSERT INTO public.members VALUES ('mem-7758431', 'Jaleesa', 'Dirks', 'M', '+33 632 968602', 'Jaleesa-Dirks52@HEC.com', '2017-10-11', '1995-06-20', 1, 'lic-915/251598579', '2013-07-26', 'yes', 'no', 'DE58351633883538276');
INSERT INTO public.members VALUES ('mem-5089917', 'Zelma', 'Pointer', 'M', '+33 632 455840', 'Zelma_Pointer58@gmail.com', '2018-02-03', '1984-09-22', 0, NULL, NULL, 'yes', 'no', 'UK29290797414594127');
INSERT INTO public.members VALUES ('mem-3307468', 'Kiersten', 'Trevizo', 'M', '+33 632 315738', 'Kiersten-Trevizo91@mail.com', '2019-11-18', '1979-09-09', 0, NULL, NULL, 'no', 'yes', 'DE79154177746730972');
INSERT INTO public.members VALUES ('mem-8747358', 'Danyel', 'Pesina', 'M', '+33 632 942141', 'Danyel_Pesina21@mail.com', '2019-04-25', '2001-05-19', 0, NULL, NULL, 'yes', 'yes', 'LU70237983951991649');
INSERT INTO public.members VALUES ('mem-1612906', 'Steffanie', 'Dirks', 'F', '+33 632 821414', 'Steffanie.Dirks17@gmail.com', '2018-04-05', '1969-07-20', 0, NULL, NULL, 'yes', 'yes', 'UK73356885837570814');
INSERT INTO public.members VALUES ('mem-2532082', 'Mao', 'Mcenaney', 'M', '+33 632 770987', 'Mao_Mcenaney91@yahoo.com', '2018-05-12', '1986-02-06', 0, NULL, NULL, 'yes', 'no', 'LU20935819793777112');
INSERT INTO public.members VALUES ('mem-7697934', 'Rene', 'Callejas', 'M', '+33 632 533331', 'Rene-Callejas54@yahoo.com', '2018-01-08', '1997-06-05', 0, NULL, NULL, 'yes', 'no', 'LU16695022729722174');
INSERT INTO public.members VALUES ('mem-3470182', 'Tam', 'Iraheta', 'M', '+33 632 516100', 'Tam-Iraheta16@mail.com', '2019-04-19', '1980-06-15', 0, NULL, NULL, 'no', 'yes', 'FR16380115118692825');
INSERT INTO public.members VALUES ('mem-7980564', 'Marcy', 'Watlington', 'F', '+33 632 698168', 'Marcy.Watlington12@gmail.com', '2018-06-06', '1994-11-27', 0, NULL, NULL, 'no', 'yes', 'LU28856495513408144');
INSERT INTO public.members VALUES ('mem-1167206', 'Marcy', 'Escobar', 'F', '+33 632 139990', 'Marcy.Escobar38@HEC.com', '2018-06-01', '1997-04-20', 0, NULL, NULL, 'yes', 'yes', 'LU93996583807733798');
INSERT INTO public.members VALUES ('mem-9715334', 'Jaleesa', 'Wertman', 'M', '+33 632 556414', 'Jaleesa_Wertman66@hotmail.com', '2018-05-09', '1967-10-20', 1, 'lic-453/660824130', '1985-03-10', 'no', 'no', 'DE14502882625116775');
INSERT INTO public.members VALUES ('mem-7733883', 'Steffanie', 'Pacifico', 'F', '+33 632 102602', 'Steffanie-Pacifico47@mail.com', '2017-03-22', '1975-06-02', 0, NULL, NULL, 'no', 'no', 'UK78912443019912574');
INSERT INTO public.members VALUES ('mem-8614720', 'Keeley', 'Bearden', 'M', '+33 632 562657', 'Keeley_Bearden31@hotmail.com', '2019-07-13', '1993-04-12', 0, NULL, NULL, 'no', 'no', 'FR92842977699016209');
INSERT INTO public.members VALUES ('mem-3764964', 'Chang', 'Randall', 'F', '+33 632 850681', 'Chang_Randall53@yahoo.com', '2017-07-06', '1969-09-27', 0, NULL, NULL, 'yes', 'no', 'LU90421358783450106');
INSERT INTO public.members VALUES ('mem-3798002', 'Jeanine', 'Randall', 'M', '+33 632 168875', 'Jeanine.Randall86@gmail.com', '2017-08-31', '1969-03-03', 0, NULL, NULL, 'yes', 'no', 'LU69513114712999178');
INSERT INTO public.members VALUES ('mem-8045504', 'Shyla', 'Iraheta', 'F', '+33 632 258713', 'Shyla.Iraheta93@yahoo.com', '2018-07-16', '1980-02-06', 0, NULL, NULL, 'no', 'no', 'LU79882533463058763');
INSERT INTO public.members VALUES ('mem-3122499', 'Lynetta', 'Mcenaney', 'M', '+33 632 594400', 'Lynetta-Mcenaney27@HEC.com', '2017-12-31', '1989-01-28', 1, 'lic-287/343659246', '2012-09-16', 'no', 'yes', 'UK38882585355231382');
INSERT INTO public.members VALUES ('mem-4599833', 'Jenniffer', 'Watlington', 'F', '+33 632 824874', 'Jenniffer_Watlington86@gmail.com', '2017-11-17', '2001-11-12', 0, NULL, NULL, 'yes', 'no', 'DE50784670415241991');
INSERT INTO public.members VALUES ('mem-3804070', 'Mao', 'Dirks', 'F', '+33 632 677401', 'Mao-Dirks21@mail.com', '2017-06-13', '1989-02-24', 0, NULL, NULL, 'no', 'no', 'LU53465312085725517');
INSERT INTO public.members VALUES ('mem-3725927', 'Jaleesa', 'Bianchi', 'M', '+33 632 589315', 'Jaleesa-Bianchi71@outlook.com', '2017-09-26', '1990-04-09', 0, NULL, NULL, 'no', 'yes', 'DE31950328551411985');
INSERT INTO public.members VALUES ('mem-1101746', 'Steffanie', 'Guglielmo', 'M', '+33 632 526922', 'Steffanie_Guglielmo80@HEC.com', '2017-02-09', '1973-08-23', 0, NULL, NULL, 'yes', 'yes', 'LU17114483582851810');
INSERT INTO public.members VALUES ('mem-3418649', 'Lynetta', 'Hartwell', 'F', '+33 632 250929', 'Lynetta.Hartwell53@yahoo.com', '2018-01-06', '1971-06-17', 0, NULL, NULL, 'yes', 'no', 'FR96262317697582284');
INSERT INTO public.members VALUES ('mem-9714080', 'Chang', 'Pointer', 'M', '+33 632 135126', 'Chang.Pointer88@mail.com', '2019-01-13', '1989-07-05', 0, NULL, NULL, 'yes', 'no', 'LU14144952513171648');
INSERT INTO public.members VALUES ('mem-8649963', 'Steffanie', 'Pointer', 'M', '+33 632 342602', 'Steffanie-Pointer60@HEC.com', '2017-02-03', '1985-07-04', 0, NULL, NULL, 'no', 'no', 'FR32333148683379207');
INSERT INTO public.members VALUES ('mem-2331394', 'Lynetta', 'Callejas', 'F', '+33 632 214891', 'Lynetta_Callejas45@gmail.com', '2017-02-16', '2001-06-26', 0, NULL, NULL, 'yes', 'no', 'DE42995295239932140');
INSERT INTO public.members VALUES ('mem-2426507', 'Zelma', 'Iraheta', 'M', '+33 632 214865', 'Zelma_Iraheta62@outlook.com', '2017-02-28', '1993-10-27', 1, 'lic-429/148201882', '2015-06-29', 'no', 'yes', 'FR23181577356621592');
INSERT INTO public.members VALUES ('mem-1003508', 'Blanch', 'Wertman', 'M', '+33 632 381883', 'Blanch_Wertman73@mail.com', '2018-12-14', '1991-07-15', 0, NULL, NULL, 'yes', 'no', 'FR72725966488638432');
INSERT INTO public.members VALUES ('mem-7921758', 'Marcy', 'Pointer', 'F', '+33 632 782490', 'Marcy-Pointer13@outlook.com', '2019-04-02', '1990-10-30', 0, NULL, NULL, 'yes', 'no', 'LU44975833814647806');
INSERT INTO public.members VALUES ('mem-3835624', 'Jeanine', 'Iraheta', 'F', '+33 632 103793', 'Jeanine-Iraheta18@hotmail.com', '2019-02-27', '1973-04-06', 0, NULL, NULL, 'no', 'yes', 'FR14918359241995802');
INSERT INTO public.members VALUES ('mem-8274901', 'Clorinda', 'Bianchi', 'F', '+33 632 467221', 'Clorinda_Bianchi16@hotmail.com', '2017-07-15', '1982-03-25', 0, NULL, NULL, 'no', 'no', 'FR44627883703310575');
INSERT INTO public.members VALUES ('mem-1599896', 'Jaleesa', 'Iraheta', 'F', '+33 632 186867', 'Jaleesa_Iraheta51@hotmail.com', '2018-10-23', '2000-01-09', 0, NULL, NULL, 'yes', 'no', 'DE70327732882477993');
INSERT INTO public.members VALUES ('mem-5274509', 'Chang', 'Pesina', 'F', '+33 632 682336', 'Chang.Pesina61@outlook.com', '2018-06-15', '1968-02-27', 0, NULL, NULL, 'yes', 'no', 'LU76385264662572956');
INSERT INTO public.members VALUES ('mem-8618305', 'Blanch', 'Wertman', 'M', '+33 632 979534', 'Blanch.Wertman33@gmail.com', '2019-01-04', '1990-08-06', 0, NULL, NULL, 'yes', 'yes', 'FR19120318481649439');
INSERT INTO public.members VALUES ('mem-8961756', 'Mao', 'Winburn', 'M', '+33 632 625725', 'Mao-Winburn42@outlook.com', '2017-11-26', '1997-05-15', 0, NULL, NULL, 'no', 'yes', 'FR40145219482397304');
INSERT INTO public.members VALUES ('mem-3580873', 'Marcy', 'Watlington', 'M', '+33 632 663266', 'Marcy.Watlington23@HEC.com', '2017-05-25', '1970-07-26', 1, 'lic-972/991023554', '1988-02-19', 'no', 'no', 'FR84827085741734714');
INSERT INTO public.members VALUES ('mem-9428037', 'Yolanda', 'Pointer', 'M', '+33 632 561071', 'Yolanda-Pointer46@HEC.com', '2018-01-23', '2000-08-26', 0, NULL, NULL, 'no', 'yes', 'FR93376196078862665');
INSERT INTO public.members VALUES ('mem-2926213', 'Lynetta', 'Hutcheson', 'M', '+33 632 575041', 'Lynetta_Hutcheson56@hotmail.com', '2017-04-30', '1967-08-21', 0, NULL, NULL, 'yes', 'yes', 'FR58131344798198886');
INSERT INTO public.members VALUES ('mem-6123422', 'Maribeth', 'Pesina', 'F', '+33 632 763653', 'Maribeth_Pesina39@mail.com', '2019-10-21', '1967-09-06', 0, NULL, NULL, 'yes', 'yes', 'UK13322416176017248');
INSERT INTO public.members VALUES ('mem-2027330', 'Lynetta', 'Randall', 'M', '+33 632 952863', 'Lynetta-Randall68@mail.com', '2018-04-17', '1995-01-02', 1, 'lic-426/130320556', '2017-07-18', 'no', 'no', 'FR10817424677142657');
INSERT INTO public.members VALUES ('mem-4344480', 'Kiersten', 'Wertman', 'M', '+33 632 665440', 'Kiersten-Wertman42@mail.com', '2018-04-24', '1987-05-28', 1, 'lic-619/838918491', '2006-01-25', 'no', 'no', 'UK20608490194469612');
INSERT INTO public.members VALUES ('mem-7167156', 'Tam', 'Watlington', 'M', '+33 632 152918', 'Tam.Watlington87@outlook.com', '2018-08-10', '1995-08-07', 0, NULL, NULL, 'yes', 'no', 'DE66239067996750393');
INSERT INTO public.members VALUES ('mem-1988561', 'Marcy', 'Escobar', 'M', '+33 632 950045', 'Marcy.Escobar41@outlook.com', '2018-08-22', '1991-01-06', 1, 'lic-916/276438921', '2011-09-28', 'yes', 'yes', 'DE68860697708118745');
INSERT INTO public.members VALUES ('mem-9611221', 'Jeanine', 'Winburn', 'F', '+33 632 298789', 'Jeanine-Winburn52@mail.com', '2019-09-05', '1966-03-12', 0, NULL, NULL, 'no', 'yes', 'LU29586576799620767');
INSERT INTO public.members VALUES ('mem-2509055', 'Jeanine', 'Bearden', 'M', '+33 632 846988', 'Jeanine.Bearden82@gmail.com', '2017-05-10', '2000-07-28', 0, NULL, NULL, 'no', 'yes', 'LU28114830654261703');
INSERT INTO public.members VALUES ('mem-4903288', 'Kimberley', 'Winburn', 'M', '+33 632 718605', 'Kimberley.Winburn69@mail.com', '2019-01-13', '1997-04-20', 0, NULL, NULL, 'no', 'no', 'UK21833837977846189');
INSERT INTO public.members VALUES ('mem-3980469', 'Steffanie', 'Mcenaney', 'F', '+33 632 482370', 'Steffanie.Mcenaney98@mail.com', '2019-12-01', '1969-03-02', 0, NULL, NULL, 'yes', 'yes', 'FR25753889506279184');
INSERT INTO public.members VALUES ('mem-4097319', 'Kimberley', 'Iraheta', 'F', '+33 632 816504', 'Kimberley.Iraheta80@HEC.com', '2017-04-16', '1976-07-21', 1, 'lic-354/146784666', '1996-03-21', 'yes', 'no', 'DE35322753365467860');
INSERT INTO public.members VALUES ('mem-8550994', 'Tam', 'Winburn', 'F', '+33 632 102978', 'Tam_Winburn29@HEC.com', '2018-03-20', '1998-01-19', 0, NULL, NULL, 'no', 'no', 'UK84900591869915748');
INSERT INTO public.members VALUES ('mem-1446885', 'Tam', 'Mcenaney', 'M', '+33 632 542329', 'Tam-Mcenaney90@mail.com', '2017-04-08', '1978-01-16', 0, NULL, NULL, 'yes', 'yes', 'UK81809089379411887');
INSERT INTO public.members VALUES ('mem-6486914', 'Mao', 'Trevizo', 'M', '+33 632 703135', 'Mao.Trevizo58@mail.com', '2018-03-17', '2001-07-01', 0, NULL, NULL, 'yes', 'yes', 'DE36791685191834401');
INSERT INTO public.members VALUES ('mem-7196858', 'Marcy', 'Callejas', 'M', '+33 632 201706', 'Marcy_Callejas70@outlook.com', '2018-04-10', '1981-06-12', 0, NULL, NULL, 'yes', 'no', 'DE80233716841859325');
INSERT INTO public.members VALUES ('mem-1201687', 'Clorinda', 'Hartwell', 'F', '+33 632 783507', 'Clorinda.Hartwell24@outlook.com', '2019-12-29', '1980-05-11', 0, NULL, NULL, 'no', 'no', 'LU59223392765192943');
INSERT INTO public.members VALUES ('mem-5654890', 'Shyla', 'Winburn', 'F', '+33 632 883757', 'Shyla.Winburn30@gmail.com', '2017-08-29', '1985-05-04', 0, NULL, NULL, 'no', 'no', 'LU88690193715358171');
INSERT INTO public.members VALUES ('mem-5674753', 'Jaleesa', 'Guglielmo', 'M', '+33 632 109657', 'Jaleesa.Guglielmo73@outlook.com', '2018-10-18', '1979-08-25', 1, 'lic-213/221078575', '2002-10-20', 'yes', 'yes', 'DE14997751946544833');
INSERT INTO public.members VALUES ('mem-9254258', 'Chang', 'Pacifico', 'M', '+33 632 316326', 'Chang-Pacifico57@gmail.com', '2019-03-28', '1970-09-13', 0, NULL, NULL, 'yes', 'yes', 'FR79493118107585372');
INSERT INTO public.members VALUES ('mem-6261940', 'Shyla', 'Guglielmo', 'M', '+33 632 758855', 'Shyla-Guglielmo95@HEC.com', '2017-07-03', '1992-08-24', 0, NULL, NULL, 'yes', 'yes', 'DE50525463782743968');
INSERT INTO public.members VALUES ('mem-4796329', 'Maribeth', 'Callejas', 'F', '+33 632 266381', 'Maribeth_Callejas12@HEC.com', '2019-09-16', '1991-01-27', 1, 'lic-633/541221917', '2015-01-26', 'yes', 'yes', 'DE88812969815959932');
INSERT INTO public.members VALUES ('mem-1541797', 'Chang', 'Bearden', 'M', '+33 632 182151', 'Chang-Bearden87@hotmail.com', '2019-03-14', '1979-07-08', 0, NULL, NULL, 'no', 'yes', 'UK72944025409019757');
INSERT INTO public.members VALUES ('mem-1525114', 'Marcy', 'Shelley', 'M', '+33 632 240240', 'Marcy.Shelley93@outlook.com', '2018-06-11', '1982-02-27', 0, NULL, NULL, 'yes', 'no', 'DE77711393008288778');
INSERT INTO public.members VALUES ('mem-1220038', 'Mammie', 'Dirks', 'F', '+33 632 858411', 'Mammie-Dirks32@outlook.com', '2019-09-24', '1986-02-15', 0, NULL, NULL, 'yes', 'yes', 'UK25934944562683765');
INSERT INTO public.members VALUES ('mem-2883275', 'Steffanie', 'Botsford', 'F', '+33 632 243401', 'Steffanie.Botsford57@gmail.com', '2018-04-14', '1979-11-28', 0, NULL, NULL, 'yes', 'yes', 'LU59426487734598183');
INSERT INTO public.members VALUES ('mem-5961838', 'Zelma', 'Hartwell', 'M', '+33 632 561310', 'Zelma-Hartwell63@hotmail.com', '2017-05-17', '1965-07-13', 0, NULL, NULL, 'yes', 'no', 'UK12147283639411431');
INSERT INTO public.members VALUES ('mem-1353047', 'Mao', 'Watlington', 'F', '+33 632 652350', 'Mao_Watlington70@mail.com', '2017-01-17', '1974-02-28', 1, 'lic-840/875602015', '1995-09-25', 'no', 'no', 'DE84321316576191471');
INSERT INTO public.members VALUES ('mem-9916130', 'Zelma', 'Guglielmo', 'M', '+33 632 461665', 'Zelma.Guglielmo55@mail.com', '2019-10-26', '1988-10-13', 0, NULL, NULL, 'no', 'yes', 'FR28481673417293149');
INSERT INTO public.members VALUES ('mem-2758152', 'Kimberley', 'Shelley', 'F', '+33 632 337195', 'Kimberley_Shelley70@gmail.com', '2017-06-18', '1989-08-10', 0, NULL, NULL, 'no', 'yes', 'LU44885115951753899');
INSERT INTO public.members VALUES ('mem-5617608', 'Mao', 'Hutcheson', 'F', '+33 632 730497', 'Mao.Hutcheson89@gmail.com', '2017-01-19', '1995-11-21', 0, NULL, NULL, 'yes', 'no', 'FR23443817936714237');
INSERT INTO public.members VALUES ('mem-5830958', 'Lynetta', 'Pesina', 'F', '+33 632 141230', 'Lynetta-Pesina57@mail.com', '2019-02-26', '1973-03-13', 0, NULL, NULL, 'yes', 'yes', 'LU13640339982135618');
INSERT INTO public.members VALUES ('mem-7833095', 'Marcy', 'Pointer', 'F', '+33 632 165882', 'Marcy_Pointer70@yahoo.com', '2019-04-17', '1965-08-10', 1, 'lic-797/613542664', '1989-01-28', 'no', 'yes', 'UK27126584878852515');
INSERT INTO public.members VALUES ('mem-6437439', 'Tam', 'Pointer', 'F', '+33 632 507970', 'Tam-Pointer11@outlook.com', '2018-03-08', '1968-06-01', 0, NULL, NULL, 'yes', 'yes', 'LU25724448553329753');
INSERT INTO public.members VALUES ('mem-7442928', 'Steffanie', 'Pacifico', 'M', '+33 632 614768', 'Steffanie_Pacifico98@HEC.com', '2017-02-21', '2001-11-10', 1, 'lic-733/102075177', '2021-06-28', 'no', 'yes', 'LU22671048598580868');
INSERT INTO public.members VALUES ('mem-9042938', 'Rene', 'Bianchi', 'M', '+33 632 318101', 'Rene_Bianchi31@gmail.com', '2019-05-21', '1980-04-28', 0, NULL, NULL, 'no', 'no', 'FR16126999986519103');
INSERT INTO public.members VALUES ('mem-2677806', 'Clorinda', 'Hutcheson', 'F', '+33 632 796638', 'Clorinda_Hutcheson14@mail.com', '2017-11-30', '1987-08-04', 0, NULL, NULL, 'no', 'no', 'FR72198683409435794');
INSERT INTO public.members VALUES ('mem-7287474', 'Yolanda', 'Bianchi', 'F', '+33 632 331369', 'Yolanda.Bianchi95@hotmail.com', '2018-02-06', '1978-05-22', 0, NULL, NULL, 'no', 'no', 'UK59173117218990136');
INSERT INTO public.members VALUES ('mem-9732887', 'Mao', 'Escobar', 'F', '+33 632 446587', 'Mao-Escobar68@outlook.com', '2018-11-20', '1986-03-27', 0, NULL, NULL, 'no', 'no', 'DE82325293291579806');
INSERT INTO public.members VALUES ('mem-5605301', 'Kiersten', 'Iraheta', 'F', '+33 632 116882', 'Kiersten-Iraheta27@outlook.com', '2017-01-17', '1985-01-08', 0, NULL, NULL, 'yes', 'no', 'LU21268050464460466');
INSERT INTO public.members VALUES ('mem-7257451', 'Shyla', 'Botsford', 'M', '+33 632 912790', 'Shyla.Botsford89@gmail.com', '2019-08-05', '1968-04-24', 0, NULL, NULL, 'yes', 'yes', 'UK38520871666208518');
INSERT INTO public.members VALUES ('mem-1860416', 'Danyel', 'Mcenaney', 'M', '+33 632 850379', 'Danyel_Mcenaney43@yahoo.com', '2018-04-11', '1981-09-27', 0, NULL, NULL, 'no', 'no', 'DE10999053931465887');
INSERT INTO public.members VALUES ('mem-8954067', 'Tam', 'Escobar', 'F', '+33 632 206419', 'Tam-Escobar12@mail.com', '2018-05-14', '1970-01-14', 0, NULL, NULL, 'no', 'yes', 'LU94274189205290654');
INSERT INTO public.members VALUES ('mem-9629145', 'Danyel', 'Iraheta', 'M', '+33 632 733962', 'Danyel_Iraheta35@hotmail.com', '2019-10-02', '1978-10-23', 0, NULL, NULL, 'yes', 'no', 'LU96661181357458961');
INSERT INTO public.members VALUES ('mem-3267423', 'Steffanie', 'Pointer', 'F', '+33 632 721128', 'Steffanie-Pointer25@hotmail.com', '2017-12-25', '1982-08-02', 0, NULL, NULL, 'no', 'yes', 'FR70231629759445252');
INSERT INTO public.members VALUES ('mem-6510799', 'Kiersten', 'Wertman', 'M', '+33 632 255337', 'Kiersten_Wertman66@gmail.com', '2018-07-10', '1978-06-20', 0, NULL, NULL, 'yes', 'yes', 'DE47843233837283546');
INSERT INTO public.members VALUES ('mem-6250900', 'Jeanine', 'Hartwell', 'F', '+33 632 422295', 'Jeanine.Hartwell74@hotmail.com', '2019-09-25', '1971-02-15', 0, NULL, NULL, 'no', 'yes', 'DE29464733396281298');
INSERT INTO public.members VALUES ('mem-4003334', 'Yolanda', 'Shelley', 'F', '+33 632 696312', 'Yolanda.Shelley32@outlook.com', '2017-01-05', '1988-03-22', 0, NULL, NULL, 'yes', 'no', 'DE67782583103997264');
INSERT INTO public.members VALUES ('mem-1703083', 'Steffanie', 'Iraheta', 'F', '+33 632 251490', 'Steffanie.Iraheta25@hotmail.com', '2017-11-27', '1985-09-09', 0, NULL, NULL, 'no', 'no', 'LU15852743592058406');
INSERT INTO public.members VALUES ('mem-4948829', 'Rene', 'Randall', 'M', '+33 632 221902', 'Rene-Randall96@outlook.com', '2018-11-29', '1983-09-09', 0, NULL, NULL, 'yes', 'no', 'LU57394425757388879');
INSERT INTO public.members VALUES ('mem-7781385', 'Danyel', 'Pacifico', 'F', '+33 632 949549', 'Danyel.Pacifico89@mail.com', '2019-06-15', '1996-05-03', 0, NULL, NULL, 'yes', 'yes', 'DE91120327815420389');
INSERT INTO public.members VALUES ('mem-3565334', 'Danyel', 'Callejas', 'M', '+33 632 182668', 'Danyel.Callejas71@yahoo.com', '2017-09-10', '1994-09-23', 1, 'lic-930/439488785', '2014-11-04', 'no', 'no', 'UK25148736232117673');
INSERT INTO public.members VALUES ('mem-2407091', 'Rene', 'Mcenaney', 'F', '+33 632 366745', 'Rene_Mcenaney93@mail.com', '2017-06-10', '1971-03-01', 0, NULL, NULL, 'yes', 'yes', 'UK33843574624254601');
INSERT INTO public.members VALUES ('mem-2311238', 'Tam', 'Iraheta', 'M', '+33 632 744421', 'Tam.Iraheta78@gmail.com', '2019-02-21', '2000-01-18', 1, 'lic-836/816979262', '2023-01-17', 'no', 'no', 'FR83716838074960732');
INSERT INTO public.members VALUES ('mem-8252770', 'Shyla', 'Shelley', 'M', '+33 632 754026', 'Shyla_Shelley52@yahoo.com', '2018-06-27', '1985-01-27', 0, NULL, NULL, 'no', 'no', 'DE42582758133544684');
INSERT INTO public.members VALUES ('mem-6546690', 'Zelma', 'Botsford', 'F', '+33 632 313737', 'Zelma-Botsford20@HEC.com', '2017-02-23', '1990-10-20', 0, NULL, NULL, 'no', 'no', 'FR47105797617815424');
INSERT INTO public.members VALUES ('mem-1391067', 'Kimberley', 'Iraheta', 'F', '+33 632 959649', 'Kimberley.Iraheta52@HEC.com', '2018-01-29', '2000-08-15', 1, 'lic-830/576784415', '2019-07-05', 'no', 'yes', 'LU70754435134838781');
INSERT INTO public.members VALUES ('mem-5188915', 'Jaleesa', 'Pesina', 'F', '+33 632 424785', 'Jaleesa_Pesina57@gmail.com', '2019-06-21', '1985-04-01', 0, NULL, NULL, 'no', 'no', 'FR77679899783041694');
INSERT INTO public.members VALUES ('mem-6707135', 'Rene', 'Hartwell', 'F', '+33 632 644440', 'Rene.Hartwell14@hotmail.com', '2018-07-16', '1990-02-19', 0, NULL, NULL, 'no', 'yes', 'UK32652641369794224');
INSERT INTO public.members VALUES ('mem-9303023', 'Steffanie', 'Dirks', 'F', '+33 632 890749', 'Steffanie_Dirks84@mail.com', '2017-03-12', '1971-04-20', 0, NULL, NULL, 'no', 'no', 'DE24378856517545887');
INSERT INTO public.members VALUES ('mem-7565092', 'Jenniffer', 'Shelley', 'F', '+33 632 454573', 'Jenniffer_Shelley92@yahoo.com', '2019-07-14', '1981-04-04', 0, NULL, NULL, 'no', 'yes', 'FR61593313653732345');
INSERT INTO public.members VALUES ('mem-3716538', 'Zelma', 'Pointer', 'F', '+33 632 140349', 'Zelma.Pointer96@outlook.com', '2018-11-26', '1971-08-16', 0, NULL, NULL, 'yes', 'yes', 'LU66840078341047836');
INSERT INTO public.members VALUES ('mem-5911536', 'Zelma', 'Randall', 'M', '+33 632 666948', 'Zelma.Randall52@hotmail.com', '2017-01-24', '1987-04-07', 0, NULL, NULL, 'no', 'yes', 'UK39691535705904658');
INSERT INTO public.members VALUES ('mem-8802778', 'Jeanine', 'Iraheta', 'M', '+33 632 597152', 'Jeanine.Iraheta31@outlook.com', '2018-10-04', '1999-09-02', 0, NULL, NULL, 'yes', 'yes', 'UK48493054898803664');
INSERT INTO public.members VALUES ('mem-5954620', 'Danyel', 'Hutcheson', 'F', '+33 632 466102', 'Danyel.Hutcheson67@hotmail.com', '2019-02-27', '1995-11-18', 0, NULL, NULL, 'no', 'yes', 'LU62464941097734412');
INSERT INTO public.members VALUES ('mem-1462013', 'Mao', 'Pesina', 'M', '+33 632 571698', 'Mao_Pesina15@mail.com', '2017-02-24', '1982-03-18', 1, 'lic-221/107550971', '2001-01-29', 'yes', 'yes', 'DE60370811829680153');
INSERT INTO public.members VALUES ('mem-1243151', 'Jeanine', 'Escobar', 'M', '+33 632 266669', 'Jeanine-Escobar93@outlook.com', '2019-04-21', '1973-08-25', 1, 'lic-386/349539616', '1994-01-04', 'no', 'no', 'UK80120252351161393');
INSERT INTO public.members VALUES ('mem-8540471', 'Danyel', 'Iraheta', 'M', '+33 632 826514', 'Danyel-Iraheta90@mail.com', '2019-07-16', '1973-01-20', 0, NULL, NULL, 'yes', 'yes', 'LU34119033103324464');
INSERT INTO public.members VALUES ('mem-5284809', 'Jeanine', 'Shelley', 'M', '+33 632 796596', 'Jeanine.Shelley21@hotmail.com', '2017-11-21', '1975-02-23', 0, NULL, NULL, 'yes', 'no', 'LU80410866181536989');
INSERT INTO public.members VALUES ('mem-7251531', 'Rene', 'Wertman', 'F', '+33 632 135292', 'Rene_Wertman31@yahoo.com', '2018-02-08', '1999-03-12', 1, 'lic-390/166931358', '2017-02-03', 'no', 'yes', 'LU35334835693859962');
INSERT INTO public.members VALUES ('mem-2964127', 'Mao', 'Pointer', 'F', '+33 632 429066', 'Mao_Pointer13@hotmail.com', '2019-02-24', '1979-03-01', 0, NULL, NULL, 'yes', 'yes', 'FR14419165889624100');
INSERT INTO public.members VALUES ('mem-7020040', 'Danyel', 'Bearden', 'M', '+33 632 855155', 'Danyel-Bearden18@HEC.com', '2018-03-11', '2001-08-21', 0, NULL, NULL, 'yes', 'yes', 'DE93137896563636225');
INSERT INTO public.members VALUES ('mem-3967691', 'Zelma', 'Callejas', 'F', '+33 632 449692', 'Zelma-Callejas55@hotmail.com', '2017-05-04', '1985-06-18', 0, NULL, NULL, 'no', 'yes', 'FR59980158184532995');
INSERT INTO public.members VALUES ('mem-3333107', 'Kiersten', 'Escobar', 'F', '+33 632 181235', 'Kiersten_Escobar43@mail.com', '2019-02-04', '1980-10-12', 1, 'lic-670/801069803', '1999-07-16', 'yes', 'yes', 'UK11195065831665486');
INSERT INTO public.members VALUES ('mem-3455901', 'Shyla', 'Hartwell', 'F', '+33 632 100040', 'Shyla.Hartwell80@gmail.com', '2017-08-23', '1994-02-17', 0, NULL, NULL, 'yes', 'yes', 'UK34857322769178950');
INSERT INTO public.members VALUES ('mem-8181614', 'Kimberley', 'Pacifico', 'M', '+33 632 532642', 'Kimberley-Pacifico71@HEC.com', '2017-04-08', '1975-07-06', 0, NULL, NULL, 'no', 'no', 'DE36412495687791381');
INSERT INTO public.members VALUES ('mem-6274663', 'Keeley', 'Hutcheson', 'M', '+33 632 902470', 'Keeley.Hutcheson47@outlook.com', '2017-08-30', '1981-09-08', 0, NULL, NULL, 'yes', 'yes', 'UK33172236641883810');
INSERT INTO public.members VALUES ('mem-6510063', 'Keeley', 'Escobar', 'F', '+33 632 787415', 'Keeley_Escobar56@HEC.com', '2019-07-03', '1989-07-24', 0, NULL, NULL, 'yes', 'no', 'UK72470679269866321');
INSERT INTO public.members VALUES ('mem-4862913', 'Mao', 'Iraheta', 'M', '+33 632 641308', 'Mao-Iraheta45@hotmail.com', '2018-03-03', '1976-11-12', 0, NULL, NULL, 'yes', 'yes', 'LU22919985662266450');
INSERT INTO public.members VALUES ('mem-8185304', 'Lynetta', 'Wertman', 'M', '+33 632 257107', 'Lynetta-Wertman91@HEC.com', '2019-09-07', '1992-04-09', 0, NULL, NULL, 'yes', 'yes', 'UK92794452831841904');
INSERT INTO public.members VALUES ('mem-5503483', 'Jaleesa', 'Bearden', 'M', '+33 632 951418', 'Jaleesa_Bearden66@outlook.com', '2019-12-19', '1986-10-28', 0, NULL, NULL, 'no', 'no', 'UK26149979325893605');
INSERT INTO public.members VALUES ('mem-7318914', 'Kimberley', 'Watlington', 'F', '+33 632 937558', 'Kimberley_Watlington38@yahoo.com', '2018-07-08', '1983-05-15', 0, NULL, NULL, 'no', 'yes', 'DE52358497719033195');
INSERT INTO public.members VALUES ('mem-1906036', 'Mao', 'Hartwell', 'F', '+33 632 379350', 'Mao.Hartwell50@hotmail.com', '2017-03-29', '1973-01-21', 0, NULL, NULL, 'yes', 'no', 'LU76286280257661254');
INSERT INTO public.members VALUES ('mem-8047078', 'Keeley', 'Watlington', 'M', '+33 632 526826', 'Keeley-Watlington88@HEC.com', '2019-08-23', '1969-10-18', 0, NULL, NULL, 'yes', 'yes', 'UK78724011852169988');
INSERT INTO public.members VALUES ('mem-7539417', 'Kimberley', 'Shelley', 'M', '+33 632 947283', 'Kimberley_Shelley95@mail.com', '2017-02-22', '1966-02-18', 0, NULL, NULL, 'no', 'no', 'FR33839019934115430');
INSERT INTO public.members VALUES ('mem-4672564', 'Mao', 'Hutcheson', 'F', '+33 632 200916', 'Mao-Hutcheson81@hotmail.com', '2019-01-10', '1970-04-09', 0, NULL, NULL, 'yes', 'yes', 'LU62574880976442143');
INSERT INTO public.members VALUES ('mem-6704528', 'Lynetta', 'Callejas', 'F', '+33 632 461423', 'Lynetta_Callejas82@outlook.com', '2019-05-15', '1979-07-09', 0, NULL, NULL, 'no', 'no', 'UK82304339086129307');
INSERT INTO public.members VALUES ('mem-2559009', 'Maribeth', 'Iraheta', 'F', '+33 632 504738', 'Maribeth-Iraheta93@yahoo.com', '2018-10-12', '2000-03-26', 1, 'lic-530/645295820', '2018-05-20', 'no', 'yes', 'LU75795583661226721');
INSERT INTO public.members VALUES ('mem-3255089', 'Marcy', 'Bearden', 'M', '+33 632 220043', 'Marcy-Bearden15@mail.com', '2019-11-25', '1977-02-05', 1, 'lic-219/236466671', '1996-09-13', 'no', 'yes', 'FR87804399327771393');
INSERT INTO public.members VALUES ('mem-7424153', 'Tam', 'Escobar', 'F', '+33 632 910078', 'Tam.Escobar31@hotmail.com', '2019-06-12', '1979-06-10', 0, NULL, NULL, 'yes', 'yes', 'LU39649336493349743');
INSERT INTO public.members VALUES ('mem-1486665', 'Maribeth', 'Iraheta', 'M', '+33 632 868439', 'Maribeth_Iraheta89@hotmail.com', '2017-10-27', '1988-04-23', 0, NULL, NULL, 'no', 'yes', 'FR73951360649839352');
INSERT INTO public.members VALUES ('mem-2817067', 'Kimberley', 'Pointer', 'M', '+33 632 988395', 'Kimberley-Pointer53@outlook.com', '2018-05-07', '1990-08-25', 0, NULL, NULL, 'no', 'yes', 'DE16983048831797453');


--
-- TOC entry 4960 (class 0 OID 16420)
-- Dependencies: 222
-- Data for Name: messages; Type: TABLE DATA; Schema: public; Owner: postgres
--

INSERT INTO public.messages VALUES ('mess-1493672', 'mem-7697934', 'mem-8252770', 'Hi');
INSERT INTO public.messages VALUES ('mess-7293914', 'mem-4003334', 'mem-1101746', 'it is the first time i use this, how does it work?');
INSERT INTO public.messages VALUES ('mess-6457367', 'mem-9767683', 'mem-5284809', 'cool car, I love it');
INSERT INTO public.messages VALUES ('mess-7239200', 'mem-7424153', 'mem-5284809', 'Could you offer a discount?');
INSERT INTO public.messages VALUES ('mess-2173423', 'mem-1988561', 'mem-6510063', 'How many people fit in the car?');
INSERT INTO public.messages VALUES ('mess-9824053', 'mem-1988561', 'mem-1599896', 'Hey. How are you doing?');
INSERT INTO public.messages VALUES ('mess-8064199', 'mem-1860416', 'mem-7020040', 'How many people fit in the car?');
INSERT INTO public.messages VALUES ('mess-7578146', 'mem-3725927', 'mem-1988561', 'How many people fit in the car?');
INSERT INTO public.messages VALUES ('mess-5118441', 'mem-5954620', 'mem-1525114', 'Hi');
INSERT INTO public.messages VALUES ('mess-9980738', 'mem-7167156', 'mem-6510063', 'it is the first time i use this, how does it work?');


--
-- TOC entry 4961 (class 0 OID 16437)
-- Dependencies: 223
-- Data for Name: ratings; Type: TABLE DATA; Schema: public; Owner: postgres
--

INSERT INTO public.ratings VALUES ('rat-3222679', 'mem-3455901', 'mem-8540471', NULL, 4);
INSERT INTO public.ratings VALUES ('rat-7371655', 'mem-3580873', 'mem-9767683', 'would recommend', 4);
INSERT INTO public.ratings VALUES ('rat-3877698', 'mem-7921758', 'mem-6250900', NULL, 5);
INSERT INTO public.ratings VALUES ('rat-1540994', 'mem-9767683', 'mem-2525276', NULL, 4);
INSERT INTO public.ratings VALUES ('rat-9227352', 'mem-3725927', 'mem-9042938', NULL, 3);
INSERT INTO public.ratings VALUES ('rat-5532644', 'mem-9254258', 'mem-4672564', NULL, 5);
INSERT INTO public.ratings VALUES ('rat-1282222', 'mem-7921758', 'mem-1451150', NULL, 5);
INSERT INTO public.ratings VALUES ('rat-4977131', 'mem-7318914', 'mem-3967691', 'cool!', 3);
INSERT INTO public.ratings VALUES ('rat-4978325', 'mem-7382076', 'mem-8961756', 'nice car', 3);
INSERT INTO public.ratings VALUES ('rat-4221659', 'mem-1703083', 'mem-6510063', NULL, 5);
INSERT INTO public.ratings VALUES ('rat-1771386', 'mem-6704528', 'mem-8954067', NULL, 5);
INSERT INTO public.ratings VALUES ('rat-4523830', 'mem-5911536', 'mem-2964127', NULL, 3);
INSERT INTO public.ratings VALUES ('rat-8914122', 'mem-9254258', 'mem-1525114', 'cool!', 5);
INSERT INTO public.ratings VALUES ('rat-3336653', 'mem-5089917', 'mem-9714080', 'nice car', 5);
INSERT INTO public.ratings VALUES ('rat-1514700', 'mem-6510063', 'mem-3307468', 'cool!', 4);
INSERT INTO public.ratings VALUES ('rat-7070133', 'mem-8902951', 'mem-8460693', 'slightly dirty, but fine', 3);
INSERT INTO public.ratings VALUES ('rat-8849507', 'mem-7251531', 'mem-9238906', NULL, 5);
INSERT INTO public.ratings VALUES ('rat-5170780', 'mem-8618305', 'mem-9428037', 'would recommend', 2);
INSERT INTO public.ratings VALUES ('rat-9059793', 'mem-7424153', 'mem-8618305', 'cool!', 3);
INSERT INTO public.ratings VALUES ('rat-9418915', 'mem-8045504', 'mem-5674753', NULL, 3);
INSERT INTO public.ratings VALUES ('rat-7712936', 'mem-6707135', 'mem-6261940', NULL, 3);
INSERT INTO public.ratings VALUES ('rat-9391413', 'mem-7733883', 'mem-3764964', 'slightly dirty, but fine', 5);
INSERT INTO public.ratings VALUES ('rat-2442054', 'mem-9042938', 'mem-4672564', 'cool!', 4);
INSERT INTO public.ratings VALUES ('rat-1672482', 'mem-6123422', 'mem-3725927', 'nice car', 4);
INSERT INTO public.ratings VALUES ('rat-2478968', 'mem-9238906', 'mem-1243151', NULL, 5);
INSERT INTO public.ratings VALUES ('rat-9306204', 'mem-9916130', 'mem-1703083', NULL, 5);
INSERT INTO public.ratings VALUES ('rat-8473237', 'mem-4267474', 'mem-7442928', NULL, 5);
INSERT INTO public.ratings VALUES ('rat-4247178', 'mem-8185304', 'mem-9428037', NULL, 5);
INSERT INTO public.ratings VALUES ('rat-1910162', 'mem-3470182', 'mem-1451150', NULL, 3);
INSERT INTO public.ratings VALUES ('rat-2634945', 'mem-6261940', 'mem-5055691', 'cool!', 4);
INSERT INTO public.ratings VALUES ('rat-5875401', 'mem-4003334', 'mem-8747358', NULL, 5);
INSERT INTO public.ratings VALUES ('rat-2133022', 'mem-7442928', 'mem-8550994', NULL, 4);
INSERT INTO public.ratings VALUES ('rat-1490034', 'mem-2559009', 'mem-7295951', NULL, 1);
INSERT INTO public.ratings VALUES ('rat-1636545', 'mem-5089917', 'mem-4796329', 'slightly dirty, but fine', 3);
INSERT INTO public.ratings VALUES ('rat-2714497', 'mem-8540471', 'mem-8961756', NULL, 3);
INSERT INTO public.ratings VALUES ('rat-2781645', 'mem-7287474', 'mem-9185626', NULL, 4);
INSERT INTO public.ratings VALUES ('rat-3286296', 'mem-9303023', 'mem-8181614', NULL, 3);
INSERT INTO public.ratings VALUES ('rat-8044827', 'mem-2509055', 'mem-8649963', 'cool!', 5);
INSERT INTO public.ratings VALUES ('rat-7733858', 'mem-4948829', 'mem-1570790', NULL, 4);
INSERT INTO public.ratings VALUES ('rat-9013666', 'mem-7781385', 'mem-1101746', 'cool!', 4);
INSERT INTO public.ratings VALUES ('rat-2558014', 'mem-3967691', 'mem-8550994', 'cool!', 4);
INSERT INTO public.ratings VALUES ('rat-2261406', 'mem-7382076', 'mem-7565092', NULL, 1);
INSERT INTO public.ratings VALUES ('rat-5049142', 'mem-8252770', 'mem-3267423', NULL, 4);
INSERT INTO public.ratings VALUES ('rat-2994263', 'mem-3716538', 'mem-3725927', NULL, 4);
INSERT INTO public.ratings VALUES ('rat-7724803', 'mem-9303023', 'mem-2509055', NULL, 1);
INSERT INTO public.ratings VALUES ('rat-6288133', 'mem-8802778', 'mem-9916130', NULL, 5);
INSERT INTO public.ratings VALUES ('rat-6938330', 'mem-6261940', 'mem-5954620', NULL, 5);
INSERT INTO public.ratings VALUES ('rat-2408278', 'mem-3565334', 'mem-9916130', 'would NOT recommend', 4);
INSERT INTO public.ratings VALUES ('rat-8111747', 'mem-2331394', 'mem-3470182', NULL, 4);
INSERT INTO public.ratings VALUES ('rat-3413362', 'mem-3122499', 'mem-3455901', NULL, 1);
INSERT INTO public.ratings VALUES ('rat-1184662', 'mem-6250900', 'mem-2257987', 'nice car', 5);
INSERT INTO public.ratings VALUES ('rat-9027560', 'mem-5670820', 'mem-6486914', NULL, 5);
INSERT INTO public.ratings VALUES ('rat-6664714', 'mem-1243151', 'mem-9238906', 'nice car', 4);
INSERT INTO public.ratings VALUES ('rat-4690722', 'mem-7758431', 'mem-5961838', NULL, 5);
INSERT INTO public.ratings VALUES ('rat-9543248', 'mem-7382076', 'mem-7733883', NULL, 5);
INSERT INTO public.ratings VALUES ('rat-2354925', 'mem-7424153', 'mem-8185304', 'would NOT recommend', 4);
INSERT INTO public.ratings VALUES ('rat-3230486', 'mem-3470182', 'mem-3267423', 'slightly dirty, but fine', 4);
INSERT INTO public.ratings VALUES ('rat-5651689', 'mem-5605301', 'mem-6546690', 'would NOT recommend', 5);
INSERT INTO public.ratings VALUES ('rat-2709910', 'mem-2027330', 'mem-1541797', 'cool!', 1);
INSERT INTO public.ratings VALUES ('rat-8907905', 'mem-7257451', 'mem-6250900', 'would NOT recommend', 3);
INSERT INTO public.ratings VALUES ('rat-9324932', 'mem-4948829', 'mem-3967691', 'would NOT recommend', 5);
INSERT INTO public.ratings VALUES ('rat-9205115', 'mem-7565092', 'mem-4097319', NULL, 5);
INSERT INTO public.ratings VALUES ('rat-6814245', 'mem-7318914', 'mem-1906036', NULL, 4);
INSERT INTO public.ratings VALUES ('rat-1090186', 'mem-1612906', 'mem-4003334', NULL, 3);
INSERT INTO public.ratings VALUES ('rat-1646205', 'mem-8747358', 'mem-9303023', NULL, 5);
INSERT INTO public.ratings VALUES ('rat-7951820', 'mem-5670820', 'mem-1167206', NULL, 5);
INSERT INTO public.ratings VALUES ('rat-4624068', 'mem-7287474', 'mem-1201687', 'would recommend', 4);
INSERT INTO public.ratings VALUES ('rat-3665843', 'mem-8954067', 'mem-2221918', 'would recommend', 5);
INSERT INTO public.ratings VALUES ('rat-2459159', 'mem-2758152', 'mem-8802778', NULL, 5);
INSERT INTO public.ratings VALUES ('rat-8123736', 'mem-1860416', 'mem-1688422', 'would NOT recommend', 5);
INSERT INTO public.ratings VALUES ('rat-8526077', 'mem-6261940', 'mem-7318914', 'cool!', 3);
INSERT INTO public.ratings VALUES ('rat-5964995', 'mem-1988561', 'mem-8181614', 'slightly dirty, but fine', 3);
INSERT INTO public.ratings VALUES ('rat-8368732', 'mem-1906036', 'mem-4672564', NULL, 4);
INSERT INTO public.ratings VALUES ('rat-4065169', 'mem-2964127', 'mem-8614720', NULL, 4);
INSERT INTO public.ratings VALUES ('rat-7016595', 'mem-2426507', 'mem-1906036', 'would NOT recommend', 5);
INSERT INTO public.ratings VALUES ('rat-2243649', 'mem-8961756', 'mem-8618305', 'would NOT recommend', 4);
INSERT INTO public.ratings VALUES ('rat-3471426', 'mem-4764322', 'mem-3470182', NULL, 3);
INSERT INTO public.ratings VALUES ('rat-7626244', 'mem-7257451', 'mem-1599896', 'would NOT recommend', 5);
INSERT INTO public.ratings VALUES ('rat-4215613', 'mem-9715334', 'mem-8045504', NULL, 5);
INSERT INTO public.ratings VALUES ('rat-6229653', 'mem-7170618', 'mem-6546690', 'would NOT recommend', 5);
INSERT INTO public.ratings VALUES ('rat-6157642', 'mem-1599896', 'mem-3725927', 'cool!', 5);
INSERT INTO public.ratings VALUES ('rat-3736155', 'mem-1541797', 'mem-2677806', NULL, 4);
INSERT INTO public.ratings VALUES ('rat-5620475', 'mem-3980469', 'mem-7382076', NULL, 5);
INSERT INTO public.ratings VALUES ('rat-5930753', 'mem-3470182', 'mem-5654890', NULL, 5);
INSERT INTO public.ratings VALUES ('rat-9395085', 'mem-7170618', 'mem-1167206', 'would recommend', 5);
INSERT INTO public.ratings VALUES ('rat-9238955', 'mem-6510063', 'mem-6437439', 'slightly dirty, but fine', 5);
INSERT INTO public.ratings VALUES ('rat-1087697', 'mem-9714080', 'mem-5670820', NULL, 4);
INSERT INTO public.ratings VALUES ('rat-4524226', 'mem-3580873', 'mem-4267474', NULL, 5);
INSERT INTO public.ratings VALUES ('rat-1157223', 'mem-1988561', 'mem-2758152', 'would NOT recommend', 2);
INSERT INTO public.ratings VALUES ('rat-4373298', 'mem-3267423', 'mem-1703083', 'nice car', 4);
INSERT INTO public.ratings VALUES ('rat-9140368', 'mem-1703083', 'mem-3798002', NULL, 5);
INSERT INTO public.ratings VALUES ('rat-6472482', 'mem-3980469', 'mem-8961756', NULL, 5);
INSERT INTO public.ratings VALUES ('rat-7451777', 'mem-8614720', 'mem-1541797', NULL, 4);
INSERT INTO public.ratings VALUES ('rat-4615269', 'mem-9042938', 'mem-9916130', NULL, 5);
INSERT INTO public.ratings VALUES ('rat-5262054', 'mem-4599833', 'mem-1003508', 'would NOT recommend', 5);
INSERT INTO public.ratings VALUES ('rat-4169528', 'mem-5284809', 'mem-5830958', NULL, 5);
INSERT INTO public.ratings VALUES ('rat-1393596', 'mem-1003508', 'mem-5954620', 'would recommend', 5);
INSERT INTO public.ratings VALUES ('rat-1131065', 'mem-8747358', 'mem-3798002', 'would recommend', 5);
INSERT INTO public.ratings VALUES ('rat-3403707', 'mem-9629145', 'mem-2027330', 'slightly dirty, but fine', 4);


--
-- TOC entry 4962 (class 0 OID 16454)
-- Dependencies: 224
-- Data for Name: request_status; Type: TABLE DATA; Schema: public; Owner: postgres
--

INSERT INTO public.request_status VALUES (1, 'Accepted');
INSERT INTO public.request_status VALUES (2, 'Pending');
INSERT INTO public.request_status VALUES (3, 'Refused');


--
-- TOC entry 4964 (class 0 OID 16484)
-- Dependencies: 226
-- Data for Name: requests; Type: TABLE DATA; Schema: public; Owner: postgres
--

INSERT INTO public.requests VALUES (1, 116, 'mem-7196858', 1);
INSERT INTO public.requests VALUES (2, 182, 'mem-4003334', 1);
INSERT INTO public.requests VALUES (3, 143, 'mem-7287474', 1);
INSERT INTO public.requests VALUES (4, 142, 'mem-3418649', 1);
INSERT INTO public.requests VALUES (5, 191, 'mem-5188915', 1);
INSERT INTO public.requests VALUES (6, 21, 'mem-5830958', 1);
INSERT INTO public.requests VALUES (7, 58, 'mem-5503483', 2);
INSERT INTO public.requests VALUES (8, 377, 'mem-9715334', 1);
INSERT INTO public.requests VALUES (9, 439, 'mem-3967691', 2);
INSERT INTO public.requests VALUES (10, 239, 'mem-3804070', 2);
INSERT INTO public.requests VALUES (11, 202, 'mem-1201687', 2);
INSERT INTO public.requests VALUES (12, 465, 'mem-3333107', 1);
INSERT INTO public.requests VALUES (13, 14, 'mem-1243151', 1);
INSERT INTO public.requests VALUES (14, 369, 'mem-2311238', 2);
INSERT INTO public.requests VALUES (15, 130, 'mem-2426507', 2);
INSERT INTO public.requests VALUES (16, 449, 'mem-5911536', 1);
INSERT INTO public.requests VALUES (17, 50, 'mem-5830958', 2);
INSERT INTO public.requests VALUES (18, 352, 'mem-5992513', 2);
INSERT INTO public.requests VALUES (19, 11, 'mem-7565092', 1);
INSERT INTO public.requests VALUES (20, 108, 'mem-1703083', 2);
INSERT INTO public.requests VALUES (21, 423, 'mem-3725927', 1);
INSERT INTO public.requests VALUES (22, 488, 'mem-5089917', 1);
INSERT INTO public.requests VALUES (23, 219, 'mem-6510063', 1);
INSERT INTO public.requests VALUES (24, 304, 'mem-1446885', 1);
INSERT INTO public.requests VALUES (25, 50, 'mem-1599896', 1);
INSERT INTO public.requests VALUES (26, 153, 'mem-2758152', 1);
INSERT INTO public.requests VALUES (27, 385, 'mem-3255089', 2);
INSERT INTO public.requests VALUES (28, 61, 'mem-1570790', 1);
INSERT INTO public.requests VALUES (29, 245, 'mem-5055691', 1);
INSERT INTO public.requests VALUES (30, 269, 'mem-2509055', 2);
INSERT INTO public.requests VALUES (31, 377, 'mem-8185304', 1);
INSERT INTO public.requests VALUES (32, 34, 'mem-8550994', 2);
INSERT INTO public.requests VALUES (33, 238, 'mem-5992513', 1);
INSERT INTO public.requests VALUES (34, 364, 'mem-6486914', 1);
INSERT INTO public.requests VALUES (35, 73, 'mem-5670820', 1);
INSERT INTO public.requests VALUES (36, 47, 'mem-8902951', 1);
INSERT INTO public.requests VALUES (37, 270, 'mem-6546690', 1);
INSERT INTO public.requests VALUES (38, 389, 'mem-9767683', 1);
INSERT INTO public.requests VALUES (39, 390, 'mem-2758152', 2);
INSERT INTO public.requests VALUES (40, 491, 'mem-8902951', 1);
INSERT INTO public.requests VALUES (41, 214, 'mem-5055691', 2);
INSERT INTO public.requests VALUES (42, 380, 'mem-1353047', 1);
INSERT INTO public.requests VALUES (43, 498, 'mem-7539417', 2);
INSERT INTO public.requests VALUES (44, 211, 'mem-4948829', 1);
INSERT INTO public.requests VALUES (45, 31, 'mem-2311238', 2);
INSERT INTO public.requests VALUES (46, 29, 'mem-1446885', 1);
INSERT INTO public.requests VALUES (47, 487, 'mem-4948829', 1);
INSERT INTO public.requests VALUES (48, 454, 'mem-9767683', 1);
INSERT INTO public.requests VALUES (49, 420, 'mem-5055691', 1);
INSERT INTO public.requests VALUES (50, 3, 'mem-5089917', 2);
INSERT INTO public.requests VALUES (51, 280, 'mem-7781385', 1);
INSERT INTO public.requests VALUES (52, 183, 'mem-8540471', 1);
INSERT INTO public.requests VALUES (53, 352, 'mem-5188915', 1);
INSERT INTO public.requests VALUES (54, 189, 'mem-4903288', 1);
INSERT INTO public.requests VALUES (55, 63, 'mem-6510799', 2);
INSERT INTO public.requests VALUES (56, 331, 'mem-6510799', 1);
INSERT INTO public.requests VALUES (57, 341, 'mem-3798002', 1);
INSERT INTO public.requests VALUES (58, 315, 'mem-5284809', 2);
INSERT INTO public.requests VALUES (59, 389, 'mem-9715334', 2);
INSERT INTO public.requests VALUES (60, 202, 'mem-8297494', 1);
INSERT INTO public.requests VALUES (61, 342, 'mem-4097319', 1);
INSERT INTO public.requests VALUES (62, 416, 'mem-1243151', 2);
INSERT INTO public.requests VALUES (63, 430, 'mem-9611221', 1);
INSERT INTO public.requests VALUES (64, 195, 'mem-1612906', 2);
INSERT INTO public.requests VALUES (65, 354, 'mem-6274663', 1);
INSERT INTO public.requests VALUES (66, 89, 'mem-8802778', 1);
INSERT INTO public.requests VALUES (67, 154, 'mem-2817067', 1);
INSERT INTO public.requests VALUES (68, 385, 'mem-8274901', 1);
INSERT INTO public.requests VALUES (69, 110, 'mem-9732887', 1);
INSERT INTO public.requests VALUES (70, 490, 'mem-1525114', 1);
INSERT INTO public.requests VALUES (71, 230, 'mem-8550994', 1);
INSERT INTO public.requests VALUES (72, 84, 'mem-3980469', 1);
INSERT INTO public.requests VALUES (73, 38, 'mem-3967691', 1);
INSERT INTO public.requests VALUES (74, 154, 'mem-9715334', 1);
INSERT INTO public.requests VALUES (75, 390, 'mem-7539417', 2);
INSERT INTO public.requests VALUES (76, 173, 'mem-5274509', 1);
INSERT INTO public.requests VALUES (77, 61, 'mem-4796329', 2);
INSERT INTO public.requests VALUES (78, 60, 'mem-1201687', 1);
INSERT INTO public.requests VALUES (79, 264, 'mem-1860416', 1);
INSERT INTO public.requests VALUES (80, 133, 'mem-7442928', 2);
INSERT INTO public.requests VALUES (81, 92, 'mem-5961838', 2);
INSERT INTO public.requests VALUES (82, 419, 'mem-3307468', 2);
INSERT INTO public.requests VALUES (83, 203, 'mem-9629145', 2);
INSERT INTO public.requests VALUES (84, 4, 'mem-7295951', 1);
INSERT INTO public.requests VALUES (85, 86, 'mem-1906036', 1);
INSERT INTO public.requests VALUES (86, 446, 'mem-4599833', 2);
INSERT INTO public.requests VALUES (87, 65, 'mem-5188915', 1);
INSERT INTO public.requests VALUES (88, 422, 'mem-2426507', 1);
INSERT INTO public.requests VALUES (89, 172, 'mem-2758152', 1);
INSERT INTO public.requests VALUES (90, 334, 'mem-9611221', 1);
INSERT INTO public.requests VALUES (91, 430, 'mem-2426507', 2);
INSERT INTO public.requests VALUES (92, 134, 'mem-6250900', 1);
INSERT INTO public.requests VALUES (93, 51, 'mem-9254258', 1);
INSERT INTO public.requests VALUES (94, 360, 'mem-1688422', 2);
INSERT INTO public.requests VALUES (95, 401, 'mem-2221918', 1);
INSERT INTO public.requests VALUES (96, 85, 'mem-6123422', 2);
INSERT INTO public.requests VALUES (97, 186, 'mem-4205665', 2);
INSERT INTO public.requests VALUES (98, 458, 'mem-7781385', 2);
INSERT INTO public.requests VALUES (99, 335, 'mem-3122499', 1);
INSERT INTO public.requests VALUES (100, 226, 'mem-1688422', 1);


--
-- TOC entry 4963 (class 0 OID 16459)
-- Dependencies: 225
-- Data for Name: rides; Type: TABLE DATA; Schema: public; Owner: postgres
--

INSERT INTO public.rides VALUES (1, 7, '2020-03-02', 7, 4, 1, 15.00, 1, '19:32:00');
INSERT INTO public.rides VALUES (2, 10, '2020-01-10', 6, 3, 2, 15.00, 2, '16:26:00');
INSERT INTO public.rides VALUES (3, 4, '2020-04-21', 6, 2, 3, 20.00, 1, '18:27:00');
INSERT INTO public.rides VALUES (4, 6, '2020-03-04', 6, 7, 4, 5.00, 3, '07:32:00');
INSERT INTO public.rides VALUES (5, 19, '2020-04-26', 3, 7, 4, 20.00, 3, '05:57:00');
INSERT INTO public.rides VALUES (6, 3, '2020-04-25', 2, 3, 3, 5.00, 2, '17:24:00');
INSERT INTO public.rides VALUES (7, 6, '2020-02-09', 3, 2, 4, 5.00, 3, '14:55:00');
INSERT INTO public.rides VALUES (8, 14, '2020-02-06', 4, 3, 1, 5.00, 3, '09:44:00');
INSERT INTO public.rides VALUES (9, 20, '2020-01-11', 6, 2, 4, 20.00, 1, '23:58:00');
INSERT INTO public.rides VALUES (10, 18, '2020-04-22', 2, 3, 4, 5.00, 2, '04:24:00');
INSERT INTO public.rides VALUES (11, 2, '2020-03-08', 5, 1, 4, 20.00, 2, '22:45:00');
INSERT INTO public.rides VALUES (12, 15, '2020-01-10', 1, 2, 2, 5.00, 1, '04:21:00');
INSERT INTO public.rides VALUES (13, 8, '2020-02-24', 7, 6, 3, 5.00, 2, '20:31:00');
INSERT INTO public.rides VALUES (14, 23, '2020-05-17', 3, 7, 3, 20.00, 1, '01:54:00');
INSERT INTO public.rides VALUES (15, 24, '2020-02-02', 2, 4, 2, 10.00, 2, '16:55:00');
INSERT INTO public.rides VALUES (16, 10, '2020-04-12', 4, 2, 4, 10.00, 1, '16:15:00');
INSERT INTO public.rides VALUES (17, 8, '2020-04-19', 2, 5, 4, 15.00, 1, '05:51:00');
INSERT INTO public.rides VALUES (18, 7, '2020-05-26', 1, 4, 3, 15.00, 1, '15:26:00');
INSERT INTO public.rides VALUES (19, 26, '2020-02-14', 7, 2, 2, 25.00, 2, '18:22:00');
INSERT INTO public.rides VALUES (20, 21, '2020-03-16', 6, 7, 1, 5.00, 2, '14:24:00');
INSERT INTO public.rides VALUES (21, 13, '2020-01-21', 6, 2, 4, 20.00, 3, '23:54:00');
INSERT INTO public.rides VALUES (22, 20, '2020-04-30', 7, 4, 3, 15.00, 2, '02:22:00');
INSERT INTO public.rides VALUES (23, 2, '2020-03-16', 7, 3, 3, 20.00, 1, '08:32:00');
INSERT INTO public.rides VALUES (24, 2, '2020-01-20', 4, 5, 3, 5.00, 2, '09:51:00');
INSERT INTO public.rides VALUES (25, 18, '2020-03-18', 7, 6, 1, 5.00, 1, '18:41:00');
INSERT INTO public.rides VALUES (26, 24, '2020-01-15', 6, 4, 2, 10.00, 2, '21:13:00');
INSERT INTO public.rides VALUES (27, 14, '2020-02-26', 3, 5, 3, 10.00, 1, '13:38:00');
INSERT INTO public.rides VALUES (28, 14, '2020-03-24', 3, 7, 4, 20.00, 1, '01:23:00');
INSERT INTO public.rides VALUES (29, 19, '2020-04-06', 3, 6, 2, 15.00, 2, '07:41:00');
INSERT INTO public.rides VALUES (30, 6, '2020-01-19', 4, 7, 2, 15.00, 2, '03:42:00');
INSERT INTO public.rides VALUES (31, 12, '2020-03-19', 5, 6, 1, 5.00, 2, '22:37:00');
INSERT INTO public.rides VALUES (32, 18, '2020-03-24', 5, 3, 2, 10.00, 1, '11:55:00');
INSERT INTO public.rides VALUES (33, 20, '2020-01-18', 7, 4, 3, 15.00, 2, '23:18:00');
INSERT INTO public.rides VALUES (34, 20, '2020-04-17', 7, 2, 3, 25.00, 3, '07:54:00');
INSERT INTO public.rides VALUES (35, 24, '2020-01-24', 3, 1, 2, 10.00, 3, '21:42:00');
INSERT INTO public.rides VALUES (36, 3, '2020-01-27', 7, 4, 1, 15.00, 2, '09:37:00');
INSERT INTO public.rides VALUES (37, 17, '2020-04-05', 6, 7, 2, 5.00, 2, '09:37:00');
INSERT INTO public.rides VALUES (38, 4, '2020-04-10', 6, 7, 2, 5.00, 2, '13:45:00');
INSERT INTO public.rides VALUES (39, 12, '2020-02-04', 1, 3, 1, 10.00, 2, '19:47:00');
INSERT INTO public.rides VALUES (40, 4, '2020-04-19', 6, 4, 2, 10.00, 1, '03:14:00');
INSERT INTO public.rides VALUES (41, 25, '2020-04-16', 4, 5, 4, 5.00, 1, '02:54:00');
INSERT INTO public.rides VALUES (42, 24, '2020-01-04', 4, 1, 4, 15.00, 3, '11:21:00');
INSERT INTO public.rides VALUES (43, 14, '2020-04-19', 1, 5, 2, 20.00, 1, '02:45:00');
INSERT INTO public.rides VALUES (44, 5, '2020-04-08', 2, 3, 3, 5.00, 2, '20:23:00');
INSERT INTO public.rides VALUES (45, 23, '2020-01-13', 4, 6, 2, 10.00, 2, '02:34:00');
INSERT INTO public.rides VALUES (46, 14, '2020-02-17', 2, 5, 4, 15.00, 1, '05:15:00');
INSERT INTO public.rides VALUES (47, 8, '2020-05-20', 2, 1, 1, 5.00, 3, '06:26:00');
INSERT INTO public.rides VALUES (48, 8, '2020-05-29', 6, 1, 3, 25.00, 3, '03:34:00');
INSERT INTO public.rides VALUES (49, 14, '2020-01-09', 1, 2, 1, 5.00, 1, '04:13:00');
INSERT INTO public.rides VALUES (50, 5, '2020-01-31', 5, 6, 4, 5.00, 2, '20:48:00');
INSERT INTO public.rides VALUES (51, 16, '2020-02-14', 1, 2, 2, 5.00, 1, '21:22:00');
INSERT INTO public.rides VALUES (52, 26, '2020-04-26', 7, 5, 4, 10.00, 2, '19:38:00');
INSERT INTO public.rides VALUES (53, 17, '2020-02-04', 1, 4, 3, 15.00, 2, '19:37:00');
INSERT INTO public.rides VALUES (54, 25, '2020-05-27', 6, 7, 2, 5.00, 3, '07:15:00');
INSERT INTO public.rides VALUES (55, 9, '2020-02-07', 3, 4, 3, 5.00, 2, '23:35:00');
INSERT INTO public.rides VALUES (56, 7, '2020-02-10', 4, 2, 1, 10.00, 3, '05:21:00');
INSERT INTO public.rides VALUES (57, 15, '2020-05-20', 1, 5, 4, 20.00, 3, '21:35:00');
INSERT INTO public.rides VALUES (58, 5, '2020-02-28', 7, 5, 1, 10.00, 3, '03:35:00');
INSERT INTO public.rides VALUES (59, 7, '2020-03-25', 4, 7, 3, 15.00, 2, '06:47:00');
INSERT INTO public.rides VALUES (60, 2, '2020-02-27', 7, 6, 1, 5.00, 2, '07:41:00');
INSERT INTO public.rides VALUES (61, 1, '2020-01-12', 6, 3, 3, 15.00, 1, '21:15:00');
INSERT INTO public.rides VALUES (62, 1, '2020-03-20', 5, 3, 2, 10.00, 2, '13:45:00');
INSERT INTO public.rides VALUES (63, 3, '2020-03-11', 2, 3, 4, 5.00, 2, '20:18:00');
INSERT INTO public.rides VALUES (64, 15, '2020-02-23', 7, 6, 3, 5.00, 2, '04:37:00');
INSERT INTO public.rides VALUES (65, 5, '2020-04-23', 4, 5, 3, 5.00, 1, '09:25:00');
INSERT INTO public.rides VALUES (66, 17, '2020-05-03', 3, 4, 4, 5.00, 3, '14:43:00');
INSERT INTO public.rides VALUES (67, 4, '2020-05-15', 3, 1, 1, 10.00, 3, '21:32:00');
INSERT INTO public.rides VALUES (68, 1, '2020-03-22', 3, 5, 3, 10.00, 3, '08:33:00');
INSERT INTO public.rides VALUES (69, 16, '2020-02-09', 3, 4, 3, 5.00, 1, '22:26:00');
INSERT INTO public.rides VALUES (70, 23, '2020-05-16', 1, 4, 1, 15.00, 2, '09:58:00');
INSERT INTO public.rides VALUES (71, 13, '2020-01-10', 7, 5, 1, 10.00, 2, '08:27:00');
INSERT INTO public.rides VALUES (72, 2, '2020-01-18', 5, 4, 2, 5.00, 1, '10:47:00');
INSERT INTO public.rides VALUES (73, 21, '2020-01-22', 5, 3, 2, 10.00, 1, '02:17:00');
INSERT INTO public.rides VALUES (74, 9, '2020-01-05', 3, 7, 1, 20.00, 2, '08:23:00');
INSERT INTO public.rides VALUES (75, 16, '2020-01-17', 3, 1, 2, 10.00, 2, '06:16:00');
INSERT INTO public.rides VALUES (76, 24, '2020-05-15', 4, 6, 2, 10.00, 1, '16:56:00');
INSERT INTO public.rides VALUES (77, 5, '2020-05-17', 1, 6, 2, 25.00, 1, '13:31:00');
INSERT INTO public.rides VALUES (78, 26, '2020-01-28', 7, 6, 4, 5.00, 2, '10:42:00');
INSERT INTO public.rides VALUES (79, 21, '2020-01-01', 5, 4, 1, 5.00, 2, '07:32:00');
INSERT INTO public.rides VALUES (80, 8, '2020-03-16', 3, 1, 3, 10.00, 2, '13:31:00');
INSERT INTO public.rides VALUES (81, 3, '2020-02-10', 6, 3, 3, 15.00, 1, '07:58:00');
INSERT INTO public.rides VALUES (82, 13, '2020-04-14', 3, 2, 3, 5.00, 2, '02:17:00');
INSERT INTO public.rides VALUES (83, 22, '2020-01-10', 6, 5, 1, 5.00, 1, '12:38:00');
INSERT INTO public.rides VALUES (84, 9, '2020-02-11', 3, 6, 4, 15.00, 1, '16:42:00');
INSERT INTO public.rides VALUES (85, 21, '2020-04-02', 7, 6, 3, 5.00, 1, '14:13:00');
INSERT INTO public.rides VALUES (86, 19, '2020-05-13', 6, 2, 4, 20.00, 2, '13:18:00');
INSERT INTO public.rides VALUES (87, 12, '2020-05-01', 2, 1, 3, 5.00, 2, '18:57:00');
INSERT INTO public.rides VALUES (88, 20, '2020-01-24', 6, 1, 1, 25.00, 2, '19:44:00');
INSERT INTO public.rides VALUES (89, 21, '2020-03-07', 2, 6, 2, 20.00, 3, '07:32:00');
INSERT INTO public.rides VALUES (90, 9, '2020-02-15', 2, 5, 4, 15.00, 2, '21:38:00');
INSERT INTO public.rides VALUES (91, 10, '2020-05-03', 2, 7, 3, 25.00, 2, '03:53:00');
INSERT INTO public.rides VALUES (92, 9, '2020-05-26', 6, 7, 4, 5.00, 3, '17:36:00');
INSERT INTO public.rides VALUES (93, 4, '2020-04-10', 3, 7, 2, 20.00, 2, '11:12:00');
INSERT INTO public.rides VALUES (94, 19, '2020-01-20', 6, 4, 3, 10.00, 1, '13:12:00');
INSERT INTO public.rides VALUES (95, 6, '2020-05-07', 2, 7, 4, 25.00, 2, '22:55:00');
INSERT INTO public.rides VALUES (96, 10, '2020-04-02', 3, 2, 4, 5.00, 2, '11:25:00');
INSERT INTO public.rides VALUES (97, 14, '2020-04-19', 4, 6, 1, 10.00, 3, '17:44:00');
INSERT INTO public.rides VALUES (98, 7, '2020-01-01', 7, 3, 3, 20.00, 2, '02:36:00');
INSERT INTO public.rides VALUES (99, 3, '2020-02-12', 6, 5, 2, 5.00, 2, '02:17:00');
INSERT INTO public.rides VALUES (100, 11, '2020-01-23', 4, 5, 4, 5.00, 1, '22:33:00');
INSERT INTO public.rides VALUES (101, 11, '2020-03-26', 2, 4, 1, 10.00, 3, '06:46:00');
INSERT INTO public.rides VALUES (102, 7, '2020-03-05', 3, 6, 2, 15.00, 2, '16:57:00');
INSERT INTO public.rides VALUES (103, 7, '2020-05-05', 6, 7, 2, 5.00, 1, '14:37:00');
INSERT INTO public.rides VALUES (104, 15, '2020-02-04', 5, 3, 3, 10.00, 2, '14:12:00');
INSERT INTO public.rides VALUES (105, 15, '2020-01-16', 4, 5, 4, 5.00, 1, '12:32:00');
INSERT INTO public.rides VALUES (106, 5, '2020-03-04', 5, 4, 3, 5.00, 1, '19:46:00');
INSERT INTO public.rides VALUES (107, 20, '2020-01-25', 3, 4, 2, 5.00, 2, '15:57:00');
INSERT INTO public.rides VALUES (108, 23, '2020-01-15', 4, 5, 4, 5.00, 3, '01:38:00');
INSERT INTO public.rides VALUES (109, 7, '2020-03-01', 5, 3, 4, 10.00, 1, '13:47:00');
INSERT INTO public.rides VALUES (110, 7, '2020-02-28', 3, 1, 2, 10.00, 1, '17:37:00');
INSERT INTO public.rides VALUES (111, 4, '2020-03-31', 3, 4, 2, 5.00, 3, '01:37:00');
INSERT INTO public.rides VALUES (112, 12, '2020-05-11', 5, 2, 2, 15.00, 1, '19:51:00');
INSERT INTO public.rides VALUES (113, 13, '2020-04-30', 1, 3, 3, 10.00, 1, '16:36:00');
INSERT INTO public.rides VALUES (114, 8, '2020-02-06', 2, 7, 4, 25.00, 2, '12:48:00');
INSERT INTO public.rides VALUES (115, 10, '2020-04-14', 2, 5, 1, 15.00, 1, '17:31:00');
INSERT INTO public.rides VALUES (116, 9, '2020-04-29', 3, 1, 4, 10.00, 3, '23:51:00');
INSERT INTO public.rides VALUES (117, 9, '2020-03-17', 4, 5, 4, 5.00, 2, '08:12:00');
INSERT INTO public.rides VALUES (118, 24, '2020-04-01', 1, 7, 4, 30.00, 3, '02:46:00');
INSERT INTO public.rides VALUES (119, 23, '2020-01-14', 3, 6, 4, 15.00, 3, '17:36:00');
INSERT INTO public.rides VALUES (120, 20, '2020-02-03', 6, 1, 2, 25.00, 3, '15:25:00');
INSERT INTO public.rides VALUES (121, 23, '2020-04-28', 4, 3, 1, 5.00, 3, '09:37:00');
INSERT INTO public.rides VALUES (122, 19, '2020-01-03', 3, 1, 3, 10.00, 3, '23:15:00');
INSERT INTO public.rides VALUES (123, 14, '2020-02-11', 6, 5, 3, 5.00, 3, '21:33:00');
INSERT INTO public.rides VALUES (124, 24, '2020-02-08', 1, 6, 1, 25.00, 1, '09:17:00');
INSERT INTO public.rides VALUES (125, 9, '2020-04-12', 6, 7, 3, 5.00, 2, '14:18:00');
INSERT INTO public.rides VALUES (126, 3, '2020-02-17', 2, 7, 2, 25.00, 1, '21:11:00');
INSERT INTO public.rides VALUES (127, 9, '2020-03-21', 6, 7, 3, 5.00, 3, '17:54:00');
INSERT INTO public.rides VALUES (128, 18, '2020-05-09', 1, 5, 1, 20.00, 1, '04:44:00');
INSERT INTO public.rides VALUES (129, 15, '2020-05-24', 4, 3, 1, 5.00, 1, '15:15:00');
INSERT INTO public.rides VALUES (130, 24, '2020-03-17', 3, 2, 4, 5.00, 3, '02:18:00');
INSERT INTO public.rides VALUES (131, 13, '2020-02-04', 3, 5, 2, 10.00, 1, '10:24:00');
INSERT INTO public.rides VALUES (132, 12, '2020-03-20', 4, 7, 1, 15.00, 3, '20:16:00');
INSERT INTO public.rides VALUES (133, 16, '2020-01-28', 2, 1, 3, 5.00, 1, '22:48:00');
INSERT INTO public.rides VALUES (134, 21, '2020-01-05', 4, 7, 4, 15.00, 2, '09:57:00');
INSERT INTO public.rides VALUES (135, 3, '2020-02-27', 4, 2, 2, 10.00, 2, '20:41:00');
INSERT INTO public.rides VALUES (136, 19, '2020-03-21', 2, 7, 3, 25.00, 3, '23:13:00');
INSERT INTO public.rides VALUES (137, 21, '2020-05-20', 6, 2, 1, 20.00, 3, '07:35:00');
INSERT INTO public.rides VALUES (138, 19, '2020-02-19', 7, 4, 3, 15.00, 1, '10:44:00');
INSERT INTO public.rides VALUES (139, 15, '2020-01-02', 4, 5, 1, 5.00, 1, '14:23:00');
INSERT INTO public.rides VALUES (140, 13, '2020-03-08', 7, 5, 3, 10.00, 3, '20:21:00');
INSERT INTO public.rides VALUES (141, 2, '2020-01-10', 1, 6, 3, 25.00, 3, '04:41:00');
INSERT INTO public.rides VALUES (142, 16, '2020-04-20', 7, 5, 1, 10.00, 3, '08:56:00');
INSERT INTO public.rides VALUES (143, 20, '2020-02-02', 3, 1, 4, 10.00, 2, '20:28:00');
INSERT INTO public.rides VALUES (144, 3, '2020-03-25', 3, 4, 1, 5.00, 3, '20:37:00');
INSERT INTO public.rides VALUES (145, 1, '2020-03-05', 3, 1, 1, 10.00, 1, '12:42:00');
INSERT INTO public.rides VALUES (146, 8, '2020-05-21', 3, 6, 4, 15.00, 1, '17:48:00');
INSERT INTO public.rides VALUES (147, 16, '2020-01-07', 3, 7, 3, 20.00, 3, '05:24:00');
INSERT INTO public.rides VALUES (148, 16, '2020-05-11', 7, 4, 2, 15.00, 2, '05:48:00');
INSERT INTO public.rides VALUES (149, 22, '2020-01-10', 3, 4, 2, 5.00, 3, '21:58:00');
INSERT INTO public.rides VALUES (150, 9, '2020-03-19', 2, 3, 4, 5.00, 2, '06:36:00');
INSERT INTO public.rides VALUES (151, 6, '2020-05-22', 6, 7, 2, 5.00, 1, '21:56:00');
INSERT INTO public.rides VALUES (152, 18, '2020-01-15', 6, 7, 3, 5.00, 1, '20:32:00');
INSERT INTO public.rides VALUES (153, 17, '2020-02-13', 5, 4, 2, 5.00, 3, '09:18:00');
INSERT INTO public.rides VALUES (154, 12, '2020-04-25', 7, 4, 3, 15.00, 2, '10:12:00');
INSERT INTO public.rides VALUES (155, 23, '2020-02-21', 5, 6, 1, 5.00, 3, '18:11:00');
INSERT INTO public.rides VALUES (156, 24, '2020-02-05', 4, 5, 2, 5.00, 1, '05:46:00');
INSERT INTO public.rides VALUES (157, 23, '2020-03-04', 2, 1, 4, 5.00, 1, '08:47:00');
INSERT INTO public.rides VALUES (158, 4, '2020-05-18', 2, 3, 1, 5.00, 3, '18:13:00');
INSERT INTO public.rides VALUES (159, 22, '2020-04-03', 2, 1, 2, 5.00, 3, '22:45:00');
INSERT INTO public.rides VALUES (160, 23, '2020-04-12', 2, 1, 4, 5.00, 2, '11:17:00');
INSERT INTO public.rides VALUES (161, 25, '2020-03-02', 5, 4, 3, 5.00, 3, '13:47:00');
INSERT INTO public.rides VALUES (162, 10, '2020-02-09', 4, 5, 1, 5.00, 1, '06:38:00');
INSERT INTO public.rides VALUES (163, 20, '2020-04-11', 1, 7, 2, 30.00, 3, '07:36:00');
INSERT INTO public.rides VALUES (164, 23, '2020-05-20', 3, 4, 3, 5.00, 3, '12:38:00');
INSERT INTO public.rides VALUES (165, 6, '2020-01-23', 6, 2, 2, 20.00, 3, '20:25:00');
INSERT INTO public.rides VALUES (166, 14, '2020-04-04', 2, 7, 4, 25.00, 2, '14:56:00');
INSERT INTO public.rides VALUES (167, 11, '2020-03-25', 4, 5, 2, 5.00, 3, '06:43:00');
INSERT INTO public.rides VALUES (168, 5, '2020-03-19', 3, 1, 4, 10.00, 3, '16:43:00');
INSERT INTO public.rides VALUES (169, 12, '2020-04-22', 3, 2, 1, 5.00, 2, '04:11:00');
INSERT INTO public.rides VALUES (170, 4, '2020-03-09', 2, 6, 1, 20.00, 1, '01:14:00');
INSERT INTO public.rides VALUES (171, 23, '2020-01-28', 3, 1, 2, 10.00, 2, '05:37:00');
INSERT INTO public.rides VALUES (172, 20, '2020-03-02', 4, 6, 4, 10.00, 3, '12:15:00');
INSERT INTO public.rides VALUES (173, 18, '2020-02-20', 7, 3, 1, 20.00, 2, '10:16:00');
INSERT INTO public.rides VALUES (174, 21, '2020-03-20', 4, 3, 3, 5.00, 3, '17:18:00');
INSERT INTO public.rides VALUES (175, 5, '2020-05-26', 4, 5, 2, 5.00, 1, '09:56:00');
INSERT INTO public.rides VALUES (176, 6, '2020-04-23', 3, 2, 3, 5.00, 2, '20:25:00');
INSERT INTO public.rides VALUES (177, 3, '2020-02-11', 1, 4, 1, 15.00, 1, '03:28:00');
INSERT INTO public.rides VALUES (178, 16, '2020-01-19', 5, 2, 2, 15.00, 1, '16:35:00');
INSERT INTO public.rides VALUES (179, 10, '2020-01-19', 5, 1, 2, 20.00, 3, '03:22:00');
INSERT INTO public.rides VALUES (180, 2, '2020-04-02', 3, 2, 2, 5.00, 3, '11:51:00');
INSERT INTO public.rides VALUES (181, 3, '2020-05-25', 2, 5, 2, 15.00, 1, '10:52:00');
INSERT INTO public.rides VALUES (182, 6, '2020-02-29', 1, 4, 2, 15.00, 2, '08:14:00');
INSERT INTO public.rides VALUES (183, 15, '2020-05-26', 7, 2, 2, 25.00, 2, '14:36:00');
INSERT INTO public.rides VALUES (184, 14, '2020-05-15', 1, 7, 1, 30.00, 3, '05:41:00');
INSERT INTO public.rides VALUES (185, 11, '2020-02-09', 1, 7, 2, 30.00, 2, '11:36:00');
INSERT INTO public.rides VALUES (186, 20, '2020-02-08', 7, 6, 2, 5.00, 2, '23:45:00');
INSERT INTO public.rides VALUES (187, 6, '2020-03-13', 4, 7, 4, 15.00, 2, '13:32:00');
INSERT INTO public.rides VALUES (188, 25, '2020-05-15', 2, 5, 4, 15.00, 3, '05:53:00');
INSERT INTO public.rides VALUES (189, 21, '2020-01-23', 2, 1, 1, 5.00, 2, '18:11:00');
INSERT INTO public.rides VALUES (190, 24, '2020-02-21', 7, 6, 4, 5.00, 2, '20:42:00');
INSERT INTO public.rides VALUES (191, 8, '2020-02-26', 5, 7, 2, 10.00, 2, '13:33:00');
INSERT INTO public.rides VALUES (192, 26, '2020-05-29', 2, 4, 2, 10.00, 1, '01:58:00');
INSERT INTO public.rides VALUES (193, 1, '2020-02-18', 5, 1, 1, 20.00, 2, '21:27:00');
INSERT INTO public.rides VALUES (194, 13, '2020-01-19', 1, 5, 4, 20.00, 2, '09:45:00');
INSERT INTO public.rides VALUES (195, 13, '2020-03-24', 2, 7, 4, 25.00, 3, '11:22:00');
INSERT INTO public.rides VALUES (196, 26, '2020-05-02', 7, 6, 4, 5.00, 2, '22:18:00');
INSERT INTO public.rides VALUES (197, 10, '2020-02-03', 5, 4, 3, 5.00, 3, '02:45:00');
INSERT INTO public.rides VALUES (198, 2, '2020-03-12', 2, 6, 1, 20.00, 2, '20:31:00');
INSERT INTO public.rides VALUES (199, 6, '2020-02-04', 1, 4, 3, 15.00, 2, '21:53:00');
INSERT INTO public.rides VALUES (200, 9, '2020-02-25', 4, 5, 3, 5.00, 1, '01:55:00');
INSERT INTO public.rides VALUES (201, 22, '2020-04-10', 6, 2, 2, 20.00, 1, '11:27:00');
INSERT INTO public.rides VALUES (202, 9, '2020-03-10', 5, 6, 4, 5.00, 3, '13:37:00');
INSERT INTO public.rides VALUES (203, 9, '2020-02-15', 1, 3, 3, 10.00, 3, '04:42:00');
INSERT INTO public.rides VALUES (204, 15, '2020-04-18', 7, 6, 4, 5.00, 2, '17:16:00');
INSERT INTO public.rides VALUES (205, 9, '2020-01-22', 4, 7, 1, 15.00, 1, '12:34:00');
INSERT INTO public.rides VALUES (206, 24, '2020-04-14', 6, 3, 2, 15.00, 3, '11:32:00');
INSERT INTO public.rides VALUES (207, 16, '2020-03-25', 4, 5, 2, 5.00, 2, '14:54:00');
INSERT INTO public.rides VALUES (208, 15, '2020-04-07', 5, 2, 1, 15.00, 1, '17:28:00');
INSERT INTO public.rides VALUES (209, 1, '2020-04-08', 2, 3, 2, 5.00, 1, '22:27:00');
INSERT INTO public.rides VALUES (210, 2, '2020-04-08', 4, 1, 4, 15.00, 1, '15:15:00');
INSERT INTO public.rides VALUES (211, 13, '2020-05-27', 1, 2, 4, 5.00, 3, '22:27:00');
INSERT INTO public.rides VALUES (212, 24, '2020-03-01', 7, 3, 2, 20.00, 1, '08:36:00');
INSERT INTO public.rides VALUES (213, 21, '2020-03-06', 4, 1, 4, 15.00, 2, '19:14:00');
INSERT INTO public.rides VALUES (214, 17, '2020-03-16', 4, 7, 2, 15.00, 2, '21:42:00');
INSERT INTO public.rides VALUES (215, 8, '2020-05-10', 2, 1, 2, 5.00, 3, '18:57:00');
INSERT INTO public.rides VALUES (216, 13, '2020-05-29', 5, 2, 3, 15.00, 2, '23:11:00');
INSERT INTO public.rides VALUES (217, 13, '2020-05-21', 5, 3, 3, 10.00, 1, '21:55:00');
INSERT INTO public.rides VALUES (218, 14, '2020-04-22', 4, 7, 4, 15.00, 3, '13:46:00');
INSERT INTO public.rides VALUES (219, 13, '2020-02-04', 6, 2, 1, 20.00, 2, '07:52:00');
INSERT INTO public.rides VALUES (220, 10, '2020-04-27', 3, 6, 3, 15.00, 2, '20:54:00');
INSERT INTO public.rides VALUES (221, 7, '2020-05-17', 1, 4, 2, 15.00, 1, '22:12:00');
INSERT INTO public.rides VALUES (222, 16, '2020-01-29', 4, 5, 2, 5.00, 3, '23:58:00');
INSERT INTO public.rides VALUES (223, 15, '2020-01-17', 1, 7, 3, 30.00, 1, '06:41:00');
INSERT INTO public.rides VALUES (224, 17, '2020-01-10', 6, 4, 2, 10.00, 1, '06:33:00');
INSERT INTO public.rides VALUES (225, 3, '2020-02-17', 5, 4, 3, 5.00, 3, '20:32:00');
INSERT INTO public.rides VALUES (226, 14, '2020-04-17', 2, 7, 1, 25.00, 2, '02:54:00');
INSERT INTO public.rides VALUES (227, 8, '2020-02-19', 3, 2, 4, 5.00, 1, '15:52:00');
INSERT INTO public.rides VALUES (228, 21, '2020-05-03', 4, 5, 3, 5.00, 3, '15:18:00');
INSERT INTO public.rides VALUES (229, 12, '2020-05-28', 4, 3, 4, 5.00, 2, '04:45:00');
INSERT INTO public.rides VALUES (230, 5, '2020-05-05', 7, 2, 2, 25.00, 2, '07:16:00');
INSERT INTO public.rides VALUES (231, 21, '2020-01-31', 4, 6, 4, 10.00, 3, '21:47:00');
INSERT INTO public.rides VALUES (232, 17, '2020-01-03', 5, 6, 1, 5.00, 1, '01:18:00');
INSERT INTO public.rides VALUES (233, 1, '2020-04-06', 5, 3, 2, 10.00, 1, '14:25:00');
INSERT INTO public.rides VALUES (234, 19, '2020-04-10', 7, 2, 1, 25.00, 3, '23:54:00');
INSERT INTO public.rides VALUES (235, 24, '2020-02-14', 3, 2, 2, 5.00, 1, '10:53:00');
INSERT INTO public.rides VALUES (236, 12, '2020-02-24', 4, 1, 1, 15.00, 3, '05:21:00');
INSERT INTO public.rides VALUES (237, 11, '2020-02-08', 7, 5, 2, 10.00, 1, '02:53:00');
INSERT INTO public.rides VALUES (238, 20, '2020-03-04', 6, 2, 4, 20.00, 3, '06:56:00');
INSERT INTO public.rides VALUES (239, 7, '2020-04-02', 3, 2, 2, 5.00, 1, '20:17:00');
INSERT INTO public.rides VALUES (240, 22, '2020-04-07', 4, 6, 1, 10.00, 3, '20:15:00');
INSERT INTO public.rides VALUES (241, 15, '2020-02-29', 6, 4, 2, 10.00, 1, '17:58:00');
INSERT INTO public.rides VALUES (242, 22, '2020-03-31', 6, 4, 4, 10.00, 1, '21:58:00');
INSERT INTO public.rides VALUES (243, 15, '2020-02-03', 2, 1, 2, 5.00, 3, '16:26:00');
INSERT INTO public.rides VALUES (244, 12, '2020-05-11', 7, 6, 3, 5.00, 2, '20:44:00');
INSERT INTO public.rides VALUES (245, 19, '2020-04-11', 3, 1, 3, 10.00, 3, '12:47:00');
INSERT INTO public.rides VALUES (246, 17, '2020-05-28', 1, 7, 4, 30.00, 3, '04:24:00');
INSERT INTO public.rides VALUES (247, 10, '2020-01-30', 6, 1, 1, 25.00, 2, '12:18:00');
INSERT INTO public.rides VALUES (248, 7, '2020-01-28', 2, 3, 3, 5.00, 1, '06:52:00');
INSERT INTO public.rides VALUES (249, 23, '2020-03-15', 1, 3, 2, 10.00, 1, '01:12:00');
INSERT INTO public.rides VALUES (250, 8, '2020-02-25', 2, 6, 4, 20.00, 1, '20:48:00');
INSERT INTO public.rides VALUES (251, 26, '2020-04-07', 3, 4, 3, 5.00, 3, '09:44:00');
INSERT INTO public.rides VALUES (252, 13, '2020-02-15', 5, 2, 2, 15.00, 2, '04:24:00');
INSERT INTO public.rides VALUES (253, 10, '2020-01-14', 1, 5, 3, 20.00, 3, '01:52:00');
INSERT INTO public.rides VALUES (254, 14, '2020-01-04', 3, 4, 1, 5.00, 1, '02:41:00');
INSERT INTO public.rides VALUES (255, 4, '2020-01-11', 5, 3, 2, 10.00, 2, '23:58:00');
INSERT INTO public.rides VALUES (256, 7, '2020-04-20', 5, 6, 1, 5.00, 1, '16:32:00');
INSERT INTO public.rides VALUES (257, 13, '2020-02-03', 2, 3, 3, 5.00, 3, '23:54:00');
INSERT INTO public.rides VALUES (258, 21, '2020-04-26', 7, 5, 3, 10.00, 3, '05:57:00');
INSERT INTO public.rides VALUES (259, 7, '2020-05-06', 5, 6, 3, 5.00, 1, '17:52:00');
INSERT INTO public.rides VALUES (260, 16, '2020-05-09', 7, 6, 3, 5.00, 3, '08:54:00');
INSERT INTO public.rides VALUES (261, 9, '2020-05-23', 6, 1, 4, 25.00, 1, '13:31:00');
INSERT INTO public.rides VALUES (262, 1, '2020-04-22', 7, 6, 2, 5.00, 1, '20:51:00');
INSERT INTO public.rides VALUES (263, 14, '2020-05-09', 5, 1, 1, 20.00, 2, '23:34:00');
INSERT INTO public.rides VALUES (264, 21, '2020-03-19', 1, 3, 4, 10.00, 2, '12:32:00');
INSERT INTO public.rides VALUES (265, 21, '2020-01-28', 2, 7, 4, 25.00, 3, '22:54:00');
INSERT INTO public.rides VALUES (266, 19, '2020-02-25', 2, 6, 3, 20.00, 3, '10:45:00');
INSERT INTO public.rides VALUES (267, 11, '2020-03-02', 5, 6, 1, 5.00, 1, '14:23:00');
INSERT INTO public.rides VALUES (268, 15, '2020-05-12', 7, 2, 2, 25.00, 2, '04:41:00');
INSERT INTO public.rides VALUES (269, 24, '2020-04-03', 7, 5, 2, 10.00, 1, '09:31:00');
INSERT INTO public.rides VALUES (270, 20, '2020-03-15', 7, 2, 2, 25.00, 1, '14:11:00');
INSERT INTO public.rides VALUES (271, 13, '2020-05-19', 2, 5, 4, 15.00, 3, '09:18:00');
INSERT INTO public.rides VALUES (272, 13, '2020-03-15', 6, 7, 1, 5.00, 3, '03:25:00');
INSERT INTO public.rides VALUES (273, 3, '2020-03-12', 5, 6, 1, 5.00, 2, '19:12:00');
INSERT INTO public.rides VALUES (274, 16, '2020-05-24', 2, 5, 2, 15.00, 3, '21:36:00');
INSERT INTO public.rides VALUES (275, 12, '2020-02-24', 4, 5, 2, 5.00, 1, '07:37:00');
INSERT INTO public.rides VALUES (276, 11, '2020-05-13', 1, 3, 3, 10.00, 3, '05:12:00');
INSERT INTO public.rides VALUES (277, 25, '2020-01-30', 3, 5, 1, 10.00, 1, '18:45:00');
INSERT INTO public.rides VALUES (278, 10, '2020-01-15', 2, 3, 4, 5.00, 1, '08:34:00');
INSERT INTO public.rides VALUES (279, 21, '2020-03-19', 1, 2, 4, 5.00, 2, '15:18:00');
INSERT INTO public.rides VALUES (280, 10, '2020-01-27', 2, 1, 3, 5.00, 2, '10:42:00');
INSERT INTO public.rides VALUES (281, 8, '2020-01-12', 5, 2, 2, 15.00, 3, '02:24:00');
INSERT INTO public.rides VALUES (282, 4, '2020-02-10', 3, 6, 4, 15.00, 1, '21:31:00');
INSERT INTO public.rides VALUES (283, 25, '2020-05-27', 5, 7, 2, 10.00, 1, '23:47:00');
INSERT INTO public.rides VALUES (284, 26, '2020-01-12', 6, 3, 1, 15.00, 3, '11:15:00');
INSERT INTO public.rides VALUES (285, 1, '2020-03-03', 1, 7, 1, 30.00, 2, '19:27:00');
INSERT INTO public.rides VALUES (286, 6, '2020-02-13', 1, 7, 4, 30.00, 1, '03:18:00');
INSERT INTO public.rides VALUES (287, 1, '2020-01-21', 3, 4, 3, 5.00, 2, '20:34:00');
INSERT INTO public.rides VALUES (288, 7, '2020-05-30', 3, 5, 3, 10.00, 2, '10:44:00');
INSERT INTO public.rides VALUES (289, 24, '2020-04-28', 6, 3, 4, 15.00, 3, '16:34:00');
INSERT INTO public.rides VALUES (290, 4, '2020-05-03', 4, 3, 2, 5.00, 2, '19:42:00');
INSERT INTO public.rides VALUES (291, 12, '2020-01-05', 6, 2, 3, 20.00, 2, '08:31:00');
INSERT INTO public.rides VALUES (292, 3, '2020-05-05', 7, 1, 2, 30.00, 1, '12:15:00');
INSERT INTO public.rides VALUES (293, 12, '2020-05-25', 3, 5, 1, 10.00, 2, '17:47:00');
INSERT INTO public.rides VALUES (294, 10, '2020-03-10', 3, 2, 1, 5.00, 1, '17:26:00');
INSERT INTO public.rides VALUES (295, 23, '2020-04-29', 3, 4, 3, 5.00, 1, '19:47:00');
INSERT INTO public.rides VALUES (296, 22, '2020-04-16', 3, 6, 1, 15.00, 1, '09:46:00');
INSERT INTO public.rides VALUES (297, 3, '2020-05-29', 4, 3, 3, 5.00, 3, '05:14:00');
INSERT INTO public.rides VALUES (298, 9, '2020-04-26', 1, 6, 2, 25.00, 1, '23:21:00');
INSERT INTO public.rides VALUES (299, 18, '2020-04-28', 6, 4, 4, 10.00, 2, '18:53:00');
INSERT INTO public.rides VALUES (300, 23, '2020-03-09', 6, 5, 3, 5.00, 2, '14:55:00');
INSERT INTO public.rides VALUES (301, 20, '2020-05-02', 2, 5, 1, 15.00, 1, '02:46:00');
INSERT INTO public.rides VALUES (302, 10, '2020-04-16', 7, 4, 2, 15.00, 3, '14:18:00');
INSERT INTO public.rides VALUES (303, 23, '2020-05-22', 4, 7, 1, 15.00, 1, '09:15:00');
INSERT INTO public.rides VALUES (304, 15, '2020-02-13', 4, 7, 1, 15.00, 1, '10:42:00');
INSERT INTO public.rides VALUES (305, 18, '2020-03-31', 7, 3, 1, 20.00, 3, '11:37:00');
INSERT INTO public.rides VALUES (306, 24, '2020-03-22', 3, 6, 2, 15.00, 2, '04:51:00');
INSERT INTO public.rides VALUES (307, 25, '2020-03-02', 2, 6, 1, 20.00, 2, '06:56:00');
INSERT INTO public.rides VALUES (308, 18, '2020-04-14', 5, 4, 2, 5.00, 3, '11:58:00');
INSERT INTO public.rides VALUES (309, 10, '2020-03-26', 7, 4, 2, 15.00, 2, '09:33:00');
INSERT INTO public.rides VALUES (310, 18, '2020-05-04', 7, 1, 3, 30.00, 2, '08:28:00');
INSERT INTO public.rides VALUES (311, 4, '2020-04-27', 4, 5, 3, 5.00, 2, '04:51:00');
INSERT INTO public.rides VALUES (312, 24, '2020-05-10', 2, 3, 3, 5.00, 3, '15:16:00');
INSERT INTO public.rides VALUES (313, 2, '2020-01-13', 7, 3, 2, 20.00, 3, '04:24:00');
INSERT INTO public.rides VALUES (314, 2, '2020-03-21', 5, 6, 1, 5.00, 2, '03:45:00');
INSERT INTO public.rides VALUES (315, 10, '2020-02-01', 6, 2, 4, 20.00, 2, '17:44:00');
INSERT INTO public.rides VALUES (316, 11, '2020-03-24', 5, 2, 2, 15.00, 1, '11:25:00');
INSERT INTO public.rides VALUES (317, 20, '2020-05-20', 6, 4, 4, 10.00, 2, '14:31:00');
INSERT INTO public.rides VALUES (318, 17, '2020-03-04', 6, 7, 2, 5.00, 3, '03:38:00');
INSERT INTO public.rides VALUES (319, 23, '2020-03-01', 3, 4, 1, 5.00, 2, '15:12:00');
INSERT INTO public.rides VALUES (320, 17, '2020-02-05', 7, 3, 2, 20.00, 1, '11:52:00');
INSERT INTO public.rides VALUES (321, 4, '2020-04-19', 7, 1, 2, 30.00, 3, '14:17:00');
INSERT INTO public.rides VALUES (322, 9, '2020-01-15', 1, 2, 4, 5.00, 1, '07:54:00');
INSERT INTO public.rides VALUES (323, 15, '2020-04-13', 4, 7, 2, 15.00, 1, '10:47:00');
INSERT INTO public.rides VALUES (324, 17, '2020-04-12', 7, 6, 3, 5.00, 1, '12:16:00');
INSERT INTO public.rides VALUES (325, 5, '2020-04-24', 7, 6, 2, 5.00, 1, '16:53:00');
INSERT INTO public.rides VALUES (326, 2, '2020-01-10', 7, 6, 4, 5.00, 3, '13:12:00');
INSERT INTO public.rides VALUES (327, 17, '2020-05-09', 2, 1, 2, 5.00, 3, '03:13:00');
INSERT INTO public.rides VALUES (328, 18, '2020-02-24', 4, 5, 1, 5.00, 2, '13:17:00');
INSERT INTO public.rides VALUES (329, 13, '2020-02-29', 3, 6, 4, 15.00, 3, '02:38:00');
INSERT INTO public.rides VALUES (330, 10, '2020-05-06', 2, 3, 4, 5.00, 2, '03:42:00');
INSERT INTO public.rides VALUES (331, 25, '2020-01-17', 6, 5, 2, 5.00, 1, '08:43:00');
INSERT INTO public.rides VALUES (332, 6, '2020-04-26', 7, 2, 4, 25.00, 1, '08:16:00');
INSERT INTO public.rides VALUES (333, 12, '2020-04-18', 2, 1, 1, 5.00, 1, '15:33:00');
INSERT INTO public.rides VALUES (334, 2, '2020-03-08', 2, 5, 4, 15.00, 2, '11:18:00');
INSERT INTO public.rides VALUES (335, 20, '2020-03-07', 5, 4, 4, 5.00, 1, '08:47:00');
INSERT INTO public.rides VALUES (336, 13, '2020-04-19', 2, 4, 4, 10.00, 3, '12:36:00');
INSERT INTO public.rides VALUES (337, 10, '2020-01-29', 4, 5, 4, 5.00, 3, '09:16:00');
INSERT INTO public.rides VALUES (338, 25, '2020-02-22', 5, 7, 3, 10.00, 2, '20:43:00');
INSERT INTO public.rides VALUES (339, 12, '2020-03-05', 5, 7, 2, 10.00, 1, '19:55:00');
INSERT INTO public.rides VALUES (340, 17, '2020-04-14', 6, 5, 1, 5.00, 1, '19:27:00');
INSERT INTO public.rides VALUES (341, 11, '2020-02-16', 5, 7, 4, 10.00, 1, '23:33:00');
INSERT INTO public.rides VALUES (342, 15, '2020-04-16', 7, 4, 1, 15.00, 1, '01:34:00');
INSERT INTO public.rides VALUES (343, 1, '2020-01-03', 2, 4, 4, 10.00, 1, '10:37:00');
INSERT INTO public.rides VALUES (344, 14, '2020-03-06', 4, 2, 4, 10.00, 3, '03:33:00');
INSERT INTO public.rides VALUES (345, 6, '2020-02-05', 5, 4, 1, 5.00, 1, '22:42:00');
INSERT INTO public.rides VALUES (346, 4, '2020-01-06', 7, 3, 3, 20.00, 3, '07:13:00');
INSERT INTO public.rides VALUES (347, 12, '2020-01-11', 6, 3, 2, 15.00, 3, '21:18:00');
INSERT INTO public.rides VALUES (348, 5, '2020-01-14', 1, 2, 1, 5.00, 1, '14:25:00');
INSERT INTO public.rides VALUES (349, 21, '2020-04-26', 6, 2, 3, 20.00, 1, '09:18:00');
INSERT INTO public.rides VALUES (350, 10, '2020-02-10', 7, 6, 3, 5.00, 1, '06:26:00');
INSERT INTO public.rides VALUES (351, 12, '2020-01-05', 7, 6, 1, 5.00, 3, '03:41:00');
INSERT INTO public.rides VALUES (352, 4, '2020-01-16', 6, 4, 2, 10.00, 2, '13:48:00');
INSERT INTO public.rides VALUES (353, 21, '2020-02-28', 5, 6, 1, 5.00, 3, '05:37:00');
INSERT INTO public.rides VALUES (354, 8, '2020-03-28', 7, 4, 3, 15.00, 2, '11:26:00');
INSERT INTO public.rides VALUES (355, 8, '2020-03-03', 4, 2, 1, 10.00, 2, '03:28:00');
INSERT INTO public.rides VALUES (356, 7, '2020-04-23', 5, 1, 3, 20.00, 2, '10:46:00');
INSERT INTO public.rides VALUES (357, 19, '2020-03-28', 2, 7, 1, 25.00, 1, '09:18:00');
INSERT INTO public.rides VALUES (358, 4, '2020-05-17', 1, 2, 4, 5.00, 3, '18:14:00');
INSERT INTO public.rides VALUES (359, 13, '2020-03-17', 7, 6, 4, 5.00, 1, '18:46:00');
INSERT INTO public.rides VALUES (360, 26, '2020-05-29', 3, 1, 4, 10.00, 1, '05:17:00');
INSERT INTO public.rides VALUES (361, 6, '2020-02-14', 7, 1, 1, 30.00, 1, '12:25:00');
INSERT INTO public.rides VALUES (362, 4, '2020-02-28', 1, 2, 2, 5.00, 3, '12:15:00');
INSERT INTO public.rides VALUES (363, 13, '2020-03-03', 4, 1, 3, 15.00, 3, '22:47:00');
INSERT INTO public.rides VALUES (364, 1, '2020-01-28', 1, 7, 3, 30.00, 3, '10:36:00');
INSERT INTO public.rides VALUES (365, 10, '2020-02-08', 3, 7, 3, 20.00, 1, '06:14:00');
INSERT INTO public.rides VALUES (366, 20, '2020-01-23', 2, 1, 4, 5.00, 3, '01:56:00');
INSERT INTO public.rides VALUES (367, 12, '2020-02-17', 1, 2, 1, 5.00, 2, '04:21:00');
INSERT INTO public.rides VALUES (368, 24, '2020-01-03', 2, 4, 2, 10.00, 1, '19:44:00');
INSERT INTO public.rides VALUES (369, 1, '2020-02-24', 5, 4, 2, 5.00, 1, '19:14:00');
INSERT INTO public.rides VALUES (370, 24, '2020-02-06', 1, 7, 2, 30.00, 2, '16:44:00');
INSERT INTO public.rides VALUES (371, 10, '2020-04-11', 1, 4, 3, 15.00, 1, '14:44:00');
INSERT INTO public.rides VALUES (372, 3, '2020-05-10', 1, 2, 4, 5.00, 1, '17:52:00');
INSERT INTO public.rides VALUES (373, 26, '2020-04-26', 7, 1, 4, 30.00, 2, '20:11:00');
INSERT INTO public.rides VALUES (374, 25, '2020-01-14', 3, 6, 4, 15.00, 2, '15:14:00');
INSERT INTO public.rides VALUES (375, 3, '2020-02-06', 7, 3, 2, 20.00, 2, '18:43:00');
INSERT INTO public.rides VALUES (376, 14, '2020-03-17', 6, 7, 2, 5.00, 2, '02:12:00');
INSERT INTO public.rides VALUES (377, 16, '2020-01-09', 5, 7, 1, 10.00, 3, '05:41:00');
INSERT INTO public.rides VALUES (378, 15, '2020-02-01', 6, 1, 1, 25.00, 2, '15:38:00');
INSERT INTO public.rides VALUES (379, 13, '2020-01-26', 1, 2, 4, 5.00, 2, '06:51:00');
INSERT INTO public.rides VALUES (380, 10, '2020-04-19', 2, 4, 3, 10.00, 2, '01:25:00');
INSERT INTO public.rides VALUES (381, 2, '2020-02-07', 2, 3, 4, 5.00, 1, '03:52:00');
INSERT INTO public.rides VALUES (382, 4, '2020-05-27', 1, 2, 3, 5.00, 3, '15:23:00');
INSERT INTO public.rides VALUES (383, 3, '2020-02-16', 7, 4, 1, 15.00, 1, '19:24:00');
INSERT INTO public.rides VALUES (384, 20, '2020-05-31', 5, 6, 3, 5.00, 3, '22:11:00');
INSERT INTO public.rides VALUES (385, 15, '2020-02-17', 4, 1, 2, 15.00, 2, '10:24:00');
INSERT INTO public.rides VALUES (386, 19, '2020-03-11', 4, 1, 4, 15.00, 1, '18:45:00');
INSERT INTO public.rides VALUES (387, 11, '2020-05-27', 2, 4, 2, 10.00, 3, '23:26:00');
INSERT INTO public.rides VALUES (388, 21, '2020-04-10', 1, 6, 4, 25.00, 2, '23:54:00');
INSERT INTO public.rides VALUES (389, 26, '2020-04-25', 5, 1, 2, 20.00, 2, '23:33:00');
INSERT INTO public.rides VALUES (390, 10, '2020-02-13', 4, 7, 2, 15.00, 2, '23:25:00');
INSERT INTO public.rides VALUES (391, 3, '2020-01-20', 1, 6, 3, 25.00, 1, '17:41:00');
INSERT INTO public.rides VALUES (392, 8, '2020-03-31', 4, 2, 4, 10.00, 3, '17:42:00');
INSERT INTO public.rides VALUES (393, 21, '2020-04-30', 5, 6, 3, 5.00, 1, '19:54:00');
INSERT INTO public.rides VALUES (394, 19, '2020-03-15', 3, 4, 4, 5.00, 1, '18:23:00');
INSERT INTO public.rides VALUES (395, 19, '2020-04-14', 3, 1, 3, 10.00, 1, '19:45:00');
INSERT INTO public.rides VALUES (396, 20, '2020-01-15', 2, 5, 3, 15.00, 1, '02:37:00');
INSERT INTO public.rides VALUES (397, 9, '2020-02-22', 5, 3, 4, 10.00, 1, '14:16:00');
INSERT INTO public.rides VALUES (398, 26, '2020-05-04', 3, 2, 4, 5.00, 3, '10:21:00');
INSERT INTO public.rides VALUES (399, 15, '2020-01-08', 3, 1, 2, 10.00, 2, '02:54:00');
INSERT INTO public.rides VALUES (400, 5, '2020-03-15', 3, 4, 1, 5.00, 1, '21:48:00');
INSERT INTO public.rides VALUES (401, 1, '2020-04-13', 1, 3, 1, 10.00, 2, '07:18:00');
INSERT INTO public.rides VALUES (402, 17, '2020-03-07', 1, 2, 1, 5.00, 3, '23:43:00');
INSERT INTO public.rides VALUES (403, 15, '2020-01-31', 3, 2, 1, 5.00, 2, '12:33:00');
INSERT INTO public.rides VALUES (404, 25, '2020-03-24', 5, 4, 1, 5.00, 2, '19:31:00');
INSERT INTO public.rides VALUES (405, 14, '2020-04-24', 5, 6, 2, 5.00, 3, '05:27:00');
INSERT INTO public.rides VALUES (406, 10, '2020-05-08', 3, 2, 4, 5.00, 1, '05:26:00');
INSERT INTO public.rides VALUES (407, 14, '2020-01-30', 5, 1, 1, 20.00, 1, '10:22:00');
INSERT INTO public.rides VALUES (408, 26, '2020-01-25', 3, 5, 4, 10.00, 1, '04:34:00');
INSERT INTO public.rides VALUES (409, 23, '2020-04-07', 2, 7, 1, 25.00, 1, '02:43:00');
INSERT INTO public.rides VALUES (410, 11, '2020-01-25', 3, 1, 2, 10.00, 3, '04:54:00');
INSERT INTO public.rides VALUES (411, 11, '2020-04-07', 3, 4, 3, 5.00, 2, '11:17:00');
INSERT INTO public.rides VALUES (412, 12, '2020-02-14', 6, 4, 4, 10.00, 3, '12:46:00');
INSERT INTO public.rides VALUES (413, 18, '2020-01-01', 3, 1, 2, 10.00, 1, '08:36:00');
INSERT INTO public.rides VALUES (414, 12, '2020-02-14', 3, 5, 4, 10.00, 2, '03:45:00');
INSERT INTO public.rides VALUES (415, 19, '2020-04-05', 6, 1, 3, 25.00, 1, '02:12:00');
INSERT INTO public.rides VALUES (416, 13, '2020-03-02', 2, 6, 3, 20.00, 3, '03:43:00');
INSERT INTO public.rides VALUES (417, 14, '2020-02-09', 1, 6, 1, 25.00, 3, '18:35:00');
INSERT INTO public.rides VALUES (418, 20, '2020-05-09', 3, 6, 3, 15.00, 1, '17:57:00');
INSERT INTO public.rides VALUES (419, 16, '2020-02-08', 5, 6, 1, 5.00, 2, '01:32:00');
INSERT INTO public.rides VALUES (420, 13, '2020-03-18', 7, 4, 4, 15.00, 1, '01:37:00');
INSERT INTO public.rides VALUES (421, 2, '2020-05-30', 6, 7, 4, 5.00, 1, '08:41:00');
INSERT INTO public.rides VALUES (422, 11, '2020-02-04', 5, 2, 1, 15.00, 1, '05:55:00');
INSERT INTO public.rides VALUES (423, 1, '2020-02-06', 2, 7, 1, 25.00, 2, '04:21:00');
INSERT INTO public.rides VALUES (424, 1, '2020-04-15', 2, 3, 3, 5.00, 1, '04:47:00');
INSERT INTO public.rides VALUES (425, 23, '2020-03-19', 1, 2, 3, 5.00, 1, '02:13:00');
INSERT INTO public.rides VALUES (426, 21, '2020-03-25', 4, 3, 3, 5.00, 3, '12:45:00');
INSERT INTO public.rides VALUES (427, 5, '2020-02-17', 4, 1, 1, 15.00, 2, '12:51:00');
INSERT INTO public.rides VALUES (428, 13, '2020-02-08', 2, 3, 2, 5.00, 1, '02:26:00');
INSERT INTO public.rides VALUES (429, 12, '2020-02-10', 7, 2, 1, 25.00, 1, '12:25:00');
INSERT INTO public.rides VALUES (430, 11, '2020-05-13', 5, 6, 2, 5.00, 2, '20:57:00');
INSERT INTO public.rides VALUES (431, 19, '2020-04-15', 7, 5, 1, 10.00, 2, '17:52:00');
INSERT INTO public.rides VALUES (432, 14, '2020-02-22', 6, 2, 1, 20.00, 2, '14:15:00');
INSERT INTO public.rides VALUES (433, 6, '2020-01-11', 3, 4, 1, 5.00, 2, '05:31:00');
INSERT INTO public.rides VALUES (434, 5, '2020-03-14', 3, 2, 3, 5.00, 1, '08:44:00');
INSERT INTO public.rides VALUES (435, 3, '2020-05-03', 4, 7, 1, 15.00, 3, '08:47:00');
INSERT INTO public.rides VALUES (436, 6, '2020-04-27', 4, 5, 2, 5.00, 2, '11:51:00');
INSERT INTO public.rides VALUES (437, 25, '2020-01-09', 7, 3, 2, 20.00, 1, '22:56:00');
INSERT INTO public.rides VALUES (438, 12, '2020-01-29', 7, 5, 3, 10.00, 3, '06:41:00');
INSERT INTO public.rides VALUES (439, 20, '2020-03-25', 2, 1, 1, 5.00, 2, '22:11:00');
INSERT INTO public.rides VALUES (440, 13, '2020-03-25', 5, 7, 2, 10.00, 1, '07:43:00');
INSERT INTO public.rides VALUES (441, 17, '2020-01-30', 1, 5, 3, 20.00, 2, '17:41:00');
INSERT INTO public.rides VALUES (442, 23, '2020-05-08', 1, 5, 2, 20.00, 1, '21:48:00');
INSERT INTO public.rides VALUES (443, 2, '2020-01-01', 7, 3, 1, 20.00, 3, '02:51:00');
INSERT INTO public.rides VALUES (444, 17, '2020-04-29', 2, 5, 4, 15.00, 1, '20:53:00');
INSERT INTO public.rides VALUES (445, 3, '2020-03-14', 2, 4, 1, 10.00, 3, '15:57:00');
INSERT INTO public.rides VALUES (446, 4, '2020-03-03', 2, 6, 3, 20.00, 3, '15:28:00');
INSERT INTO public.rides VALUES (447, 8, '2020-04-01', 7, 4, 2, 15.00, 1, '09:33:00');
INSERT INTO public.rides VALUES (448, 22, '2020-02-16', 3, 5, 1, 10.00, 1, '22:32:00');
INSERT INTO public.rides VALUES (449, 20, '2020-03-15', 2, 6, 2, 20.00, 3, '11:36:00');
INSERT INTO public.rides VALUES (450, 15, '2020-05-27', 3, 4, 1, 5.00, 1, '08:32:00');
INSERT INTO public.rides VALUES (451, 22, '2020-01-06', 1, 7, 1, 30.00, 3, '08:16:00');
INSERT INTO public.rides VALUES (452, 26, '2020-05-20', 7, 4, 2, 15.00, 3, '01:53:00');
INSERT INTO public.rides VALUES (453, 7, '2020-04-07', 6, 7, 2, 5.00, 2, '16:23:00');
INSERT INTO public.rides VALUES (454, 26, '2020-02-22', 2, 6, 3, 20.00, 2, '18:33:00');
INSERT INTO public.rides VALUES (455, 11, '2020-02-06', 7, 3, 1, 20.00, 1, '06:21:00');
INSERT INTO public.rides VALUES (456, 3, '2020-02-15', 5, 4, 3, 5.00, 1, '13:32:00');
INSERT INTO public.rides VALUES (457, 22, '2020-04-10', 6, 7, 4, 5.00, 1, '09:44:00');
INSERT INTO public.rides VALUES (458, 1, '2020-04-28', 3, 7, 3, 20.00, 1, '20:18:00');
INSERT INTO public.rides VALUES (459, 24, '2020-05-25', 7, 1, 2, 30.00, 2, '16:15:00');
INSERT INTO public.rides VALUES (460, 17, '2020-04-21', 4, 2, 4, 10.00, 1, '19:22:00');
INSERT INTO public.rides VALUES (461, 19, '2020-05-03', 2, 4, 4, 10.00, 3, '13:28:00');
INSERT INTO public.rides VALUES (462, 24, '2020-01-20', 7, 3, 4, 20.00, 3, '06:43:00');
INSERT INTO public.rides VALUES (463, 5, '2020-04-12', 3, 7, 3, 20.00, 3, '18:55:00');
INSERT INTO public.rides VALUES (464, 24, '2020-01-06', 7, 6, 1, 5.00, 1, '21:25:00');
INSERT INTO public.rides VALUES (465, 9, '2020-01-19', 3, 7, 1, 20.00, 2, '17:37:00');
INSERT INTO public.rides VALUES (466, 13, '2020-03-06', 6, 1, 4, 25.00, 2, '19:43:00');
INSERT INTO public.rides VALUES (467, 25, '2020-02-21', 2, 1, 4, 5.00, 3, '11:17:00');
INSERT INTO public.rides VALUES (468, 10, '2020-05-22', 7, 2, 2, 25.00, 3, '14:13:00');
INSERT INTO public.rides VALUES (469, 4, '2020-03-26', 7, 4, 4, 15.00, 3, '14:31:00');
INSERT INTO public.rides VALUES (470, 19, '2020-04-01', 5, 6, 2, 5.00, 3, '09:25:00');
INSERT INTO public.rides VALUES (471, 24, '2020-05-22', 7, 1, 4, 30.00, 1, '16:14:00');
INSERT INTO public.rides VALUES (472, 9, '2020-04-23', 7, 6, 1, 5.00, 1, '19:18:00');
INSERT INTO public.rides VALUES (473, 20, '2020-01-19', 2, 6, 2, 20.00, 3, '08:31:00');
INSERT INTO public.rides VALUES (474, 15, '2020-04-16', 5, 1, 4, 20.00, 1, '22:43:00');
INSERT INTO public.rides VALUES (475, 10, '2020-02-08', 1, 3, 1, 10.00, 2, '05:26:00');
INSERT INTO public.rides VALUES (476, 18, '2020-01-19', 7, 6, 3, 5.00, 1, '09:24:00');
INSERT INTO public.rides VALUES (477, 3, '2020-01-09', 4, 5, 1, 5.00, 3, '12:42:00');
INSERT INTO public.rides VALUES (478, 21, '2020-04-05', 2, 4, 2, 10.00, 1, '20:55:00');
INSERT INTO public.rides VALUES (479, 22, '2020-02-16', 2, 3, 1, 5.00, 1, '14:48:00');
INSERT INTO public.rides VALUES (480, 21, '2020-05-10', 5, 3, 1, 10.00, 2, '02:43:00');
INSERT INTO public.rides VALUES (481, 22, '2020-04-11', 6, 5, 4, 5.00, 3, '20:24:00');
INSERT INTO public.rides VALUES (482, 24, '2020-01-27', 3, 4, 2, 5.00, 1, '19:46:00');
INSERT INTO public.rides VALUES (483, 15, '2020-04-06', 4, 1, 2, 15.00, 3, '11:38:00');
INSERT INTO public.rides VALUES (484, 4, '2020-01-05', 6, 3, 1, 15.00, 1, '03:27:00');
INSERT INTO public.rides VALUES (485, 14, '2020-02-21', 5, 6, 1, 5.00, 1, '05:43:00');
INSERT INTO public.rides VALUES (486, 12, '2020-04-09', 5, 2, 3, 15.00, 3, '01:58:00');
INSERT INTO public.rides VALUES (487, 6, '2020-02-19', 4, 5, 2, 5.00, 1, '12:23:00');
INSERT INTO public.rides VALUES (488, 16, '2020-04-04', 2, 4, 1, 10.00, 2, '05:13:00');
INSERT INTO public.rides VALUES (489, 3, '2020-02-09', 6, 7, 2, 5.00, 2, '06:55:00');
INSERT INTO public.rides VALUES (490, 22, '2020-01-03', 7, 6, 1, 5.00, 1, '03:56:00');
INSERT INTO public.rides VALUES (491, 26, '2020-02-07', 6, 5, 2, 5.00, 2, '09:42:00');
INSERT INTO public.rides VALUES (492, 22, '2020-05-03', 5, 4, 3, 5.00, 2, '17:27:00');
INSERT INTO public.rides VALUES (493, 8, '2020-01-09', 1, 7, 1, 30.00, 2, '14:42:00');
INSERT INTO public.rides VALUES (494, 9, '2020-02-26', 4, 7, 1, 15.00, 2, '09:13:00');
INSERT INTO public.rides VALUES (495, 5, '2020-02-20', 2, 3, 1, 5.00, 3, '02:35:00');
INSERT INTO public.rides VALUES (496, 11, '2020-01-08', 3, 7, 3, 20.00, 3, '11:27:00');
INSERT INTO public.rides VALUES (497, 23, '2020-04-15', 7, 5, 2, 10.00, 2, '23:58:00');
INSERT INTO public.rides VALUES (498, 7, '2020-04-30', 6, 3, 3, 15.00, 3, '11:58:00');
INSERT INTO public.rides VALUES (499, 3, '2020-03-01', 7, 3, 3, 20.00, 3, '04:42:00');
INSERT INTO public.rides VALUES (500, 6, '2020-02-06', 5, 4, 3, 5.00, 3, '21:14:00');


-- Completed on 2025-08-11 16:46:05

--
-- PostgreSQL database dump complete
--

